Suite/Test/Step Name,Browser,Description,Tag,Start time,End time,Duration,Status
Dokumen Go Live - RBU,Chrome 150.0.7871.129,,,22-07-2026 13:40:59,22-07-2026 13:54:58,13m - 58.283s,PASSED
,,,,,,,
Test Cases/Pilar 1/Dokumen Go Live/UAT/RBU/SPV-RBU-Assign-Staff,Chrome 150.0.7871.129,,,22-07-2026 13:41:00,22-07-2026 13:42:11,1m - 11.725s,PASSED
"callTestCase(findTestCase(""Pilar 1/Login/UAT/SPV-RBU""), [:], STOP_ON_FAILURE)",Chrome 150.0.7871.129,,,22-07-2026 13:41:00,22-07-2026 13:41:37,37.128s,PASSED
"click(findTestObject(""Pilar 1/Dokumen Go Live/UAT/CBU/SPV-CBU-Assign-Staff/Page_Dashboard/div_b2-l1-17_8-b3-SubMenuHeader""))",Chrome 150.0.7871.129,,,22-07-2026 13:41:37,22-07-2026 13:41:43,5.383s,PASSED
"click(findTestObject(""Pilar 1/Dokumen Go Live/UAT/CBU/SPV-CBU-Assign-Staff/Page_Dashboard/div_b2-l1-17_8-b4-l1-26_4-b1-SubMenuHeader""))",Chrome 150.0.7871.129,,,22-07-2026 13:41:43,22-07-2026 13:41:43,0.553s,PASSED
"click(findTestObject(""Pilar 1/Dokumen Go Live/UAT/CBU/SPV-CBU-Assign-Staff/Page_Dashboard/a_Dokumen Golive""))",Chrome 150.0.7871.129,,,22-07-2026 13:41:43,22-07-2026 13:41:43,0.332s,PASSED
"verifyElementText(findTestObject(""Pilar 1/Dokumen Go Live/UAT/CBU/SPV-CBU-Assign-Staff/Page_KelengkapanKredit/label_Tanggal Go Live _""), ""Tanggal Go Live :"")",Chrome 150.0.7871.129,,,22-07-2026 13:41:43,22-07-2026 13:41:46,2.555s,PASSED
"setText(findTestObject(""Pilar 1/Dokumen Go Live/UAT/CBU/SPV-CBU-Assign-Staff/Page_KelengkapanKredit/input_b3-b1-b1-Input_StartDate""), ""10-10-2020"")",Chrome 150.0.7871.129,,,22-07-2026 13:41:46,22-07-2026 13:41:47,0.619s,PASSED
"setText(findTestObject(""Pilar 1/Dokumen Go Live/UAT/CBU/SPV-CBU-Assign-Staff/Page_KelengkapanKredit/input_b3-b1-b1-Input_StartDate2""), ""10-12-2020"")",Chrome 150.0.7871.129,,,22-07-2026 13:41:47,22-07-2026 13:41:47,0.594s,PASSED
"selectOptionByValue(findTestObject(""Pilar 1/Dokumen Go Live/UAT/CBU/SPV-CBU-Assign-Staff/Page_KelengkapanKredit/select_b3-b1-b1-Dropdown1""), ""4"", false)",Chrome 150.0.7871.129,,,22-07-2026 13:41:47,22-07-2026 13:41:48,0.585s,PASSED
"selectOptionByValue(findTestObject(""Pilar 1/Dokumen Go Live/UAT/CBU/SPV-CBU-Assign-Staff/Page_KelengkapanKredit/select_b3-b1-b1-Dropdown3""), ""0"", false)",Chrome 150.0.7871.129,,,22-07-2026 13:41:48,22-07-2026 13:41:48,0.550s,PASSED
"click(findTestObject(""Pilar 1/Dokumen Go Live/UAT/CBU/SPV-CBU-Assign-Staff/Page_KelengkapanKredit/button_Cari""))",Chrome 150.0.7871.129,,,22-07-2026 13:41:48,22-07-2026 13:41:49,0.326s,PASSED
"click(findTestObject(""Pilar 1/Dokumen Go Live/UAT/CBU/SPV-CBU-Assign-Staff/tambahan-component/Page_KelengkapanKredit/Page_KelengkapanKredit/button_View Detail""))",Chrome 150.0.7871.129,,,22-07-2026 13:41:49,22-07-2026 13:41:49,0.790s,PASSED
delay(7),Chrome 150.0.7871.129,,,22-07-2026 13:41:49,22-07-2026 13:41:56,7.018s,PASSED
"click(findTestObject(""Pilar 1/Dokumen Go Live/UAT/CBU/SPV-CBU-Assign-Staff/tambahan-component/Page_KelengkapanKredit/Page_KelengkapanKreditDetail/button_Back""))",Chrome 150.0.7871.129,,,22-07-2026 13:41:56,22-07-2026 13:41:57,0.304s,PASSED
delay(4),Chrome 150.0.7871.129,,,22-07-2026 13:41:57,22-07-2026 13:42:01,4.014s,PASSED
"click(findTestObject(""Pilar 1/Dokumen Go Live/UAT/CBU/SPV-CBU-Assign-Staff/Page_KelengkapanKredit/input_b3-b1-l1_0-241_0-Checkbox2""))",Chrome 150.0.7871.129,,,22-07-2026 13:42:01,22-07-2026 13:42:01,0.333s,PASSED
"click(findTestObject(""Pilar 1/Dokumen Go Live/UAT/CBU/SPV-CBU-Assign-Staff/tambahan-component/Page_KelengkapanKredit/button_Assign""))",Chrome 150.0.7871.129,,,22-07-2026 13:42:01,22-07-2026 13:42:01,0.344s,PASSED
"click(findTestObject(""Pilar 1/Dokumen Go Live/UAT/CBU/SPV-CBU-Assign-Staff/tambahan-component/Page_KelengkapanKredit/button_Assign_popup""))",Chrome 150.0.7871.129,,,22-07-2026 13:42:01,22-07-2026 13:42:02,0.641s,PASSED
delay(3),Chrome 150.0.7871.129,,,22-07-2026 13:42:02,22-07-2026 13:42:05,3.015s,PASSED
"selectOptionByValue(findTestObject(""Pilar 1/Dokumen Go Live/UAT/CBU/SPV-CBU-Assign-Staff/Page_KelengkapanKredit/select_b3-b1-b1-Dropdown3""), ""1"", false)",Chrome 150.0.7871.129,,,22-07-2026 13:42:05,22-07-2026 13:42:08,2.873s,PASSED
"click(findTestObject(""Pilar 1/Dokumen Go Live/UAT/CBU/SPV-CBU-Assign-Staff/Page_KelengkapanKredit/button_Cari""))",Chrome 150.0.7871.129,,,22-07-2026 13:42:08,22-07-2026 13:42:08,0.306s,PASSED
delay(3),Chrome 150.0.7871.129,,,22-07-2026 13:42:08,22-07-2026 13:42:11,3.004s,PASSED
,,,,,,,
Test Cases/Pilar 1/Dokumen Go Live/UAT/RBU/Staff-RBU-Submit-Dokumen-Persyaratan-Kredit,Chrome 150.0.7871.129,,,22-07-2026 13:42:11,22-07-2026 13:43:40,1m - 28.446s,PASSED
"DATA BINDING - {""(Default) Lorem"":""C:\\Users\\PPU\\Downloads\\Tester File\\Lorem1_PDF.pdf""}",,,,,,,
today = SimpleDateFormat(dd-MM-yyyy).format(new java.util.Date()),Chrome 150.0.7871.129,,,22-07-2026 13:42:12,22-07-2026 13:42:12,0.021s,PASSED
"callTestCase(findTestCase(""Pilar 1/Login/UAT/Staff-RBU""), [:], STOP_ON_FAILURE)",Chrome 150.0.7871.129,,,22-07-2026 13:42:12,22-07-2026 13:42:48,36.511s,PASSED
"click(findTestObject(""Pilar 1/Dokumen Go Live/UAT/CBU/Staff-CBU-Submit-Task/Dokumen-Persyaratan-Kredit/Page_Dashboard/div_b2-l1-16_3-b3-SubMenuHeader""))",Chrome 150.0.7871.129,,,22-07-2026 13:42:48,22-07-2026 13:42:52,3.517s,PASSED
"click(findTestObject(""Pilar 1/Dokumen Go Live/UAT/CBU/Staff-CBU-Submit-Task/Dokumen-Persyaratan-Kredit/Page_Dashboard/div_b2-l1-16_3-b4-l1-23_4-b1-SubMenuHeader""))",Chrome 150.0.7871.129,,,22-07-2026 13:42:52,22-07-2026 13:42:52,0.548s,PASSED
"click(findTestObject(""Pilar 1/Dokumen Go Live/UAT/CBU/Staff-CBU-Submit-Task/Dokumen-Persyaratan-Kredit/Page_Dashboard/a_Dokumen Golive""))",Chrome 150.0.7871.129,,,22-07-2026 13:42:52,22-07-2026 13:42:52,0.297s,PASSED
"setText(findTestObject(""Pilar 1/Dokumen Go Live/UAT/CBU/Staff-CBU-Submit-Task/Dokumen-Persyaratan-Kredit/Page_KelengkapanKredit/input_b3-b2-b1-Input_StartDate""), ""22-07-2026"")",Chrome 150.0.7871.129,,,22-07-2026 13:42:52,22-07-2026 13:42:55,2.134s,PASSED
"setText(findTestObject(""Pilar 1/Dokumen Go Live/UAT/CBU/Staff-CBU-Submit-Task/Dokumen-Persyaratan-Kredit/Page_KelengkapanKredit/input_b3-b2-b1-Input_StartDate2""), ""22-07-2026"")",Chrome 150.0.7871.129,,,22-07-2026 13:42:55,22-07-2026 13:42:55,0.604s,PASSED
"selectOptionByValue(findTestObject(""Pilar 1/Dokumen Go Live/UAT/CBU/Staff-CBU-Submit-Task/Dokumen-Persyaratan-Kredit/Page_KelengkapanKredit/select_b3-b2-b1-Dropdown3""), ""0"", false)",Chrome 150.0.7871.129,,,22-07-2026 13:42:55,22-07-2026 13:42:56,0.548s,PASSED
"click(findTestObject(""Pilar 1/Dokumen Go Live/UAT/CBU/Staff-CBU-Submit-Task/Dokumen-Persyaratan-Kredit/Page_KelengkapanKredit/button_Cari""))",Chrome 150.0.7871.129,,,22-07-2026 13:42:56,22-07-2026 13:42:56,0.305s,PASSED
"click(findTestObject(""Pilar 1/Dokumen Go Live/UAT/CBU/Staff-CBU-Submit-Task/Dokumen-Persyaratan-Kredit/Page_KelengkapanKredit/action""))",Chrome 150.0.7871.129,,,22-07-2026 13:42:56,22-07-2026 13:42:57,0.751s,PASSED
"click(findTestObject(""Pilar 1/Dokumen Go Live/UAT/CBU/Staff-CBU-Submit-Task/Dokumen-Persyaratan-Kredit/Page_KelengkapanKredit/div_Pemeriksaan""))",Chrome 150.0.7871.129,,,22-07-2026 13:42:57,22-07-2026 13:42:57,0.542s,PASSED
"click(findTestObject(""Pilar 1/Dokumen Go Live/UAT/RBU/Staff-RBU-Dokumen-Persyaratan-Kredit/Page_DokumenChecking/i_icon accordion-perorangan""))",Chrome 150.0.7871.129,,,22-07-2026 13:42:57,22-07-2026 13:43:01,3.244s,PASSED
"selectOptionByValue(findTestObject(""Pilar 1/Dokumen Go Live/UAT/RBU/Staff-RBU-Dokumen-Persyaratan-Kredit/Page_DokumenChecking/select_b3-l2-180_0-b8-b1-l1-266_0-b1-l4_0-267_0-""), ""0"", false)",Chrome 150.0.7871.129,,,22-07-2026 13:43:01,22-07-2026 13:43:01,0.609s,PASSED
"selectOptionByValue(findTestObject(""Pilar 1/Dokumen Go Live/UAT/RBU/Staff-RBU-Dokumen-Persyaratan-Kredit/Page_DokumenChecking/select_b3-l2-180_0-b8-b1-l1-266_0-b1-l4_0-267_0-_1""), ""0"", false)",Chrome 150.0.7871.129,,,22-07-2026 13:43:01,22-07-2026 13:43:02,0.536s,PASSED
"setText(findTestObject(""Pilar 1/Dokumen Go Live/UAT/RBU/Staff-RBU-Dokumen-Persyaratan-Kredit/Page_DokumenChecking/textarea_b3-l2-180_0-b8-b1-l1-266_0-b1-l4_0-267_""), ""testing"")",Chrome 150.0.7871.129,,,22-07-2026 13:43:02,22-07-2026 13:43:02,0.712s,PASSED
"selectOptionByValue(findTestObject(""Pilar 1/Dokumen Go Live/UAT/RBU/Staff-RBU-Dokumen-Persyaratan-Kredit/Page_DokumenChecking/select_b3-l2-180_0-b8-b1-l1-266_0-b1-l4_0-267_1-""), ""0"", false)",Chrome 150.0.7871.129,,,22-07-2026 13:43:02,22-07-2026 13:43:03,0.765s,PASSED
"selectOptionByValue(findTestObject(""Pilar 1/Dokumen Go Live/UAT/RBU/Staff-RBU-Dokumen-Persyaratan-Kredit/Page_DokumenChecking/select_b3-l2-180_0-b8-b1-l1-266_0-b1-l4_0-267_1-_1""), ""0"", false)",Chrome 150.0.7871.129,,,22-07-2026 13:43:03,22-07-2026 13:43:04,0.561s,PASSED
"setText(findTestObject(""Pilar 1/Dokumen Go Live/UAT/RBU/Staff-RBU-Dokumen-Persyaratan-Kredit/Page_DokumenChecking/textarea_b3-l2-180_0-b8-b1-l1-266_0-b1-l4_0-267__1""), ""testing"")",Chrome 150.0.7871.129,,,22-07-2026 13:43:04,22-07-2026 13:43:04,0.691s,PASSED
"selectOptionByValue(findTestObject(""Pilar 1/Dokumen Go Live/UAT/RBU/Staff-RBU-Dokumen-Persyaratan-Kredit/Page_DokumenChecking/select_b3-l2-180_0-b8-b1-l1-266_0-b1-l4_0-267_2-""), ""0"", false)",Chrome 150.0.7871.129,,,22-07-2026 13:43:04,22-07-2026 13:43:05,0.788s,PASSED
"selectOptionByValue(findTestObject(""Pilar 1/Dokumen Go Live/UAT/RBU/Staff-RBU-Dokumen-Persyaratan-Kredit/Page_DokumenChecking/select_b3-l2-180_0-b8-b1-l1-266_0-b1-l4_0-267_2-_1""), ""0"", false)",Chrome 150.0.7871.129,,,22-07-2026 13:43:05,22-07-2026 13:43:06,0.548s,PASSED
"setText(findTestObject(""Pilar 1/Dokumen Go Live/UAT/RBU/Staff-RBU-Dokumen-Persyaratan-Kredit/Page_DokumenChecking/textarea_b3-l2-180_0-b8-b1-l1-266_0-b1-l4_0-267__2""), ""testing"")",Chrome 150.0.7871.129,,,22-07-2026 13:43:06,22-07-2026 13:43:06,0.716s,PASSED
"selectOptionByValue(findTestObject(""Pilar 1/Dokumen Go Live/UAT/RBU/Staff-RBU-Dokumen-Persyaratan-Kredit/Page_DokumenChecking/select_b3-l2-180_0-b8-b1-l1-266_0-b1-l4_0-267_3-""), ""0"", false)",Chrome 150.0.7871.129,,,22-07-2026 13:43:06,22-07-2026 13:43:07,0.763s,PASSED
"selectOptionByValue(findTestObject(""Pilar 1/Dokumen Go Live/UAT/RBU/Staff-RBU-Dokumen-Persyaratan-Kredit/Page_DokumenChecking/select_b3-l2-180_0-b8-b1-l1-266_0-b1-l4_0-267_3-_1""), ""0"", false)",Chrome 150.0.7871.129,,,22-07-2026 13:43:07,22-07-2026 13:43:08,0.568s,PASSED
"setText(findTestObject(""Pilar 1/Dokumen Go Live/UAT/RBU/Staff-RBU-Dokumen-Persyaratan-Kredit/Page_DokumenChecking/textarea_b3-l2-180_0-b8-b1-l1-266_0-b1-l4_0-267__3""), ""testing"")",Chrome 150.0.7871.129,,,22-07-2026 13:43:08,22-07-2026 13:43:09,0.714s,PASSED
"selectOptionByValue(findTestObject(""Pilar 1/Dokumen Go Live/UAT/RBU/Staff-RBU-Dokumen-Persyaratan-Kredit/Page_DokumenChecking/select_b3-l2-180_0-b8-b1-l1-266_0-b1-l4_0-267_4-""), ""0"", false)",Chrome 150.0.7871.129,,,22-07-2026 13:43:09,22-07-2026 13:43:09,0.769s,PASSED
"selectOptionByValue(findTestObject(""Pilar 1/Dokumen Go Live/UAT/RBU/Staff-RBU-Dokumen-Persyaratan-Kredit/Page_DokumenChecking/select_b3-l2-180_0-b8-b1-l1-266_0-b1-l4_0-267_4-_1""), ""0"", false)",Chrome 150.0.7871.129,,,22-07-2026 13:43:09,22-07-2026 13:43:10,0.554s,PASSED
"setText(findTestObject(""Pilar 1/Dokumen Go Live/UAT/RBU/Staff-RBU-Dokumen-Persyaratan-Kredit/Page_DokumenChecking/textarea_b3-l2-180_0-b8-b1-l1-266_0-b1-l4_0-267__4""), ""testing"")",Chrome 150.0.7871.129,,,22-07-2026 13:43:10,22-07-2026 13:43:11,0.735s,PASSED
"selectOptionByValue(findTestObject(""Pilar 1/Dokumen Go Live/UAT/RBU/Staff-RBU-Dokumen-Persyaratan-Kredit/Page_DokumenChecking/select_b3-l2-180_0-b8-b1-l1-266_0-b1-l4_0-267_5-""), ""0"", false)",Chrome 150.0.7871.129,,,22-07-2026 13:43:11,22-07-2026 13:43:11,0.753s,PASSED
"selectOptionByValue(findTestObject(""Pilar 1/Dokumen Go Live/UAT/RBU/Staff-RBU-Dokumen-Persyaratan-Kredit/Page_DokumenChecking/select_b3-l2-180_0-b8-b1-l1-266_0-b1-l4_0-267_5-_1""), ""0"", false)",Chrome 150.0.7871.129,,,22-07-2026 13:43:11,22-07-2026 13:43:12,0.559s,PASSED
"setText(findTestObject(""Pilar 1/Dokumen Go Live/UAT/RBU/Staff-RBU-Dokumen-Persyaratan-Kredit/Page_DokumenChecking/textarea_b3-l2-180_0-b8-b1-l1-266_0-b1-l4_0-267__5""), ""testing"")",Chrome 150.0.7871.129,,,22-07-2026 13:43:12,22-07-2026 13:43:13,0.717s,PASSED
"selectOptionByValue(findTestObject(""Pilar 1/Dokumen Go Live/UAT/RBU/Staff-RBU-Dokumen-Persyaratan-Kredit/Page_DokumenChecking/select_b3-l2-180_0-b8-b1-l1-266_0-b1-l4_0-267_6-""), ""0"", false)",Chrome 150.0.7871.129,,,22-07-2026 13:43:13,22-07-2026 13:43:13,0.771s,PASSED
"selectOptionByValue(findTestObject(""Pilar 1/Dokumen Go Live/UAT/RBU/Staff-RBU-Dokumen-Persyaratan-Kredit/Page_DokumenChecking/select_b3-l2-180_0-b8-b1-l1-266_0-b1-l4_0-267_6-_1""), ""0"", false)",Chrome 150.0.7871.129,,,22-07-2026 13:43:13,22-07-2026 13:43:14,0.561s,PASSED
"setText(findTestObject(""Pilar 1/Dokumen Go Live/UAT/RBU/Staff-RBU-Dokumen-Persyaratan-Kredit/Page_DokumenChecking/textarea_b3-l2-180_0-b8-b1-l1-266_0-b1-l4_0-267__6""), ""testing"")",Chrome 150.0.7871.129,,,22-07-2026 13:43:14,22-07-2026 13:43:15,0.674s,PASSED
"selectOptionByValue(findTestObject(""Pilar 1/Dokumen Go Live/UAT/RBU/Staff-RBU-Dokumen-Persyaratan-Kredit/Page_DokumenChecking/select_b3-l2-180_0-b8-b1-l1-266_0-b1-l4_0-267_7-""), ""0"", false)",Chrome 150.0.7871.129,,,22-07-2026 13:43:15,22-07-2026 13:43:15,0.760s,PASSED
"selectOptionByValue(findTestObject(""Pilar 1/Dokumen Go Live/UAT/RBU/Staff-RBU-Dokumen-Persyaratan-Kredit/Page_DokumenChecking/select_b3-l2-180_0-b8-b1-l1-266_0-b1-l4_0-267_7-_1""), ""0"", false)",Chrome 150.0.7871.129,,,22-07-2026 13:43:15,22-07-2026 13:43:16,0.552s,PASSED
"setText(findTestObject(""Pilar 1/Dokumen Go Live/UAT/RBU/Staff-RBU-Dokumen-Persyaratan-Kredit/Page_DokumenChecking/textarea_b3-l2-180_0-b8-b1-l1-266_0-b1-l4_0-267__7""), ""testing"")",Chrome 150.0.7871.129,,,22-07-2026 13:43:16,22-07-2026 13:43:17,0.801s,PASSED
"selectOptionByValue(findTestObject(""Pilar 1/Dokumen Go Live/UAT/RBU/Staff-RBU-Dokumen-Persyaratan-Kredit/Page_DokumenChecking/select_b3-l2-180_0-b8-b1-l1-266_0-b1-l4_0-267_8-""), ""0"", false)",Chrome 150.0.7871.129,,,22-07-2026 13:43:17,22-07-2026 13:43:18,0.796s,PASSED
"selectOptionByValue(findTestObject(""Pilar 1/Dokumen Go Live/UAT/RBU/Staff-RBU-Dokumen-Persyaratan-Kredit/Page_DokumenChecking/select_b3-l2-180_0-b8-b1-l1-266_0-b1-l4_0-267_8-_1""), ""1"", false)",Chrome 150.0.7871.129,,,22-07-2026 13:43:18,22-07-2026 13:43:18,0.569s,PASSED
"selectOptionByValue(findTestObject(""Pilar 1/Dokumen Go Live/UAT/RBU/Staff-RBU-Dokumen-Persyaratan-Kredit/Page_DokumenChecking/select_b3-l2-180_0-b8-b1-l1-266_0-b1-l4_0-267_8-_2""), ""0"", false)",Chrome 150.0.7871.129,,,22-07-2026 13:43:18,22-07-2026 13:43:19,0.878s,PASSED
"setText(findTestObject(""Pilar 1/Dokumen Go Live/UAT/RBU/Staff-RBU-Dokumen-Persyaratan-Kredit/Page_DokumenChecking/textarea_b3-l2-180_0-b8-b1-l1-266_0-b1-l4_0-267__8""), ""testing"")",Chrome 150.0.7871.129,,,22-07-2026 13:43:19,22-07-2026 13:43:20,0.607s,PASSED
"click(findTestObject(""Pilar 1/Dokumen Go Live/UAT/RBU/Staff-RBU-Dokumen-Persyaratan-Kredit/Page_DokumenChecking/button_Unggah""))",Chrome 150.0.7871.129,,,22-07-2026 13:43:20,22-07-2026 13:43:20,0.541s,PASSED
delay(5),Chrome 150.0.7871.129,,,22-07-2026 13:43:20,22-07-2026 13:43:25,5.008s,PASSED
"uploadFile(findTestObject(""Pilar 1/Dokumen Go Live/UAT/RBU/Staff-RBU-Dokumen-Persyaratan-Kredit/Page_DokumenChecking/div_b3-l2-180_0-b8-b1-l1-266_0-b1-b4-dropzone""), Lorem)",Chrome 150.0.7871.129,,,22-07-2026 13:43:25,22-07-2026 13:43:25,0.001s,NOT_RUN
"click(findTestObject(""Pilar 1/Dokumen Go Live/UAT/RBU/Staff-RBU-Dokumen-Persyaratan-Kredit/Page_DokumenChecking/button_Upload""))",Chrome 150.0.7871.129,,,22-07-2026 13:43:25,22-07-2026 13:43:25,0.001s,NOT_RUN
"selectOptionByValue(findTestObject(""Pilar 1/Dokumen Go Live/UAT/RBU/Staff-RBU-Dokumen-Persyaratan-Kredit/Page_DokumenChecking/select_b3-l2-180_0-b8-b1-l1-266_0-b1-l4_0-267_9-""), ""1"", false)",Chrome 150.0.7871.129,,,22-07-2026 13:43:25,22-07-2026 13:43:26,1.191s,PASSED
"selectOptionByValue(findTestObject(""Pilar 1/Dokumen Go Live/UAT/RBU/Staff-RBU-Dokumen-Persyaratan-Kredit/Page_DokumenChecking/select_b3-l2-180_0-b8-b1-l1-266_0-b1-l4_0-267_9-_1""), ""0"", false)",Chrome 150.0.7871.129,,,22-07-2026 13:43:26,22-07-2026 13:43:27,0.812s,PASSED
"setText(findTestObject(""Pilar 1/Dokumen Go Live/UAT/RBU/Staff-RBU-Dokumen-Persyaratan-Kredit/Page_DokumenChecking/textarea_b3-l2-180_0-b8-b1-l1-266_0-b1-l4_0-267__9""), ""testing"")",Chrome 150.0.7871.129,,,22-07-2026 13:43:27,22-07-2026 13:43:28,0.630s,PASSED
"click(findTestObject(""Pilar 1/Dokumen Go Live/UAT/RBU/Staff-RBU-Dokumen-Persyaratan-Kredit/Page_DokumenChecking/button_Unggah_1""))",Chrome 150.0.7871.129,,,22-07-2026 13:43:28,22-07-2026 13:43:28,0.586s,PASSED
delay(5),Chrome 150.0.7871.129,,,22-07-2026 13:43:28,22-07-2026 13:43:33,5.013s,PASSED
"uploadFile(findTestObject(""Pilar 1/Dokumen Go Live/UAT/RBU/Staff-RBU-Dokumen-Persyaratan-Kredit/Page_DokumenChecking/div_b3-l2-180_0-b8-b1-l1-266_0-b1-b4-dropzone""), Lorem)",Chrome 150.0.7871.129,,,22-07-2026 13:43:33,22-07-2026 13:43:33,0.000s,NOT_RUN
"click(findTestObject(""Pilar 1/Dokumen Go Live/UAT/RBU/Staff-RBU-Dokumen-Persyaratan-Kredit/Page_DokumenChecking/button_Upload""))",Chrome 150.0.7871.129,,,22-07-2026 13:43:33,22-07-2026 13:43:33,0.000s,NOT_RUN
"click(findTestObject(""Pilar 1/Dokumen Go Live/UAT/RBU/Staff-RBU-Dokumen-Persyaratan-Kredit/Page_DokumenChecking/button_b3-ButtonDraftRBU""))",Chrome 150.0.7871.129,,,22-07-2026 13:43:33,22-07-2026 13:43:34,0.303s,PASSED
delay(5),Chrome 150.0.7871.129,,,22-07-2026 13:43:34,22-07-2026 13:43:39,5.008s,PASSED
"click(findTestObject(""Pilar 1/Dokumen Go Live/UAT/RBU/Staff-RBU-Dokumen-Persyaratan-Kredit/Page_DokumenChecking/button_Next""))",Chrome 150.0.7871.129,,,22-07-2026 13:43:39,22-07-2026 13:43:40,1.031s,PASSED
,,,,,,,
Test Cases/Pilar 1/Dokumen Go Live/UAT/RBU/Staff-RBU-Dokumen-Objek-Pembiayaan,Chrome 150.0.7871.129,,,22-07-2026 13:43:40,22-07-2026 13:44:56,1m - 16.299s,PASSED
"callTestCase(findTestCase(""Pilar 1/Login/UAT/Staff-RBU""), [:], STOP_ON_FAILURE)",Chrome 150.0.7871.129,,,22-07-2026 13:43:40,22-07-2026 13:44:14,34.377s,PASSED
"click(findTestObject(""Pilar 1/Dokumen Go Live/UAT/CBU/Staff-CBU-Submit-Task/Dokumen-Persyaratan-Kredit/Page_Dashboard/div_b2-l1-16_3-b3-SubMenuHeader""))",Chrome 150.0.7871.129,,,22-07-2026 13:44:14,22-07-2026 13:44:22,7.303s,PASSED
"click(findTestObject(""Pilar 1/Dokumen Go Live/UAT/CBU/Staff-CBU-Submit-Task/Dokumen-Persyaratan-Kredit/Page_Dashboard/div_b2-l1-16_3-b4-l1-23_4-b1-SubMenuHeader""))",Chrome 150.0.7871.129,,,22-07-2026 13:44:22,22-07-2026 13:44:22,0.541s,PASSED
"click(findTestObject(""Pilar 1/Dokumen Go Live/UAT/CBU/Staff-CBU-Submit-Task/Dokumen-Persyaratan-Kredit/Page_Dashboard/a_Dokumen Golive""))",Chrome 150.0.7871.129,,,22-07-2026 13:44:22,22-07-2026 13:44:22,0.314s,PASSED
"setText(findTestObject(""Pilar 1/Dokumen Go Live/UAT/CBU/Staff-CBU-Submit-Task/Dokumen-Persyaratan-Kredit/Page_KelengkapanKredit/input_b3-b2-b1-Input_StartDate""), ""22-07-2026"")",Chrome 150.0.7871.129,,,22-07-2026 13:44:22,22-07-2026 13:44:26,3.498s,PASSED
"setText(findTestObject(""Pilar 1/Dokumen Go Live/UAT/CBU/Staff-CBU-Submit-Task/Dokumen-Persyaratan-Kredit/Page_KelengkapanKredit/input_b3-b2-b1-Input_StartDate2""), ""22-07-2026"")",Chrome 150.0.7871.129,,,22-07-2026 13:44:26,22-07-2026 13:44:27,0.598s,PASSED
"selectOptionByValue(findTestObject(""Pilar 1/Dokumen Go Live/UAT/CBU/Staff-CBU-Submit-Task/Dokumen-Persyaratan-Kredit/Page_KelengkapanKredit/select_b3-b2-b1-Dropdown3""), ""1"", false)",Chrome 150.0.7871.129,,,22-07-2026 13:44:27,22-07-2026 13:44:27,0.532s,PASSED
"click(findTestObject(""Pilar 1/Dokumen Go Live/UAT/CBU/Staff-CBU-Submit-Task/Dokumen-Persyaratan-Kredit/Page_KelengkapanKredit/button_Cari""))",Chrome 150.0.7871.129,,,22-07-2026 13:44:27,22-07-2026 13:44:27,0.293s,PASSED
"click(findTestObject(""Pilar 1/Dokumen Go Live/UAT/CBU/Staff-CBU-Submit-Task/Dokumen-Persyaratan-Kredit/Page_KelengkapanKredit/action""))",Chrome 150.0.7871.129,,,22-07-2026 13:44:27,22-07-2026 13:44:28,0.738s,PASSED
"click(findTestObject(""Pilar 1/Dokumen Go Live/UAT/CBU/Staff-CBU-Submit-Task/Dokumen-Persyaratan-Kredit/Page_KelengkapanKredit/div_Pemeriksaan""))",Chrome 150.0.7871.129,,,22-07-2026 13:44:28,22-07-2026 13:44:29,0.506s,PASSED
"click(findTestObject(""Pilar 1/Dokumen Go Live/UAT/CBU/Staff-CBU-Submit-Task/Dokumen-Persyaratan-Kredit/Page_DokumenChecking/button_Draft""))",Chrome 150.0.7871.129,,,22-07-2026 13:44:29,22-07-2026 13:44:32,3.385s,PASSED
"click(findTestObject(""Pilar 1/Dokumen Go Live/UAT/CBU/Staff-CBU-Submit-Task/Dokumen-Persyaratan-Kredit/Page_DokumenChecking/button_Next""))",Chrome 150.0.7871.129,,,22-07-2026 13:44:32,22-07-2026 13:44:38,5.837s,PASSED
delay(5),Chrome 150.0.7871.129,,,22-07-2026 13:44:38,22-07-2026 13:44:43,5.014s,PASSED
"click(findTestObject(""Pilar 1/Dokumen Go Live/UAT/RBU/Staff-RBU-Dokumen-Objek-Pembiayaan/Page_DokumenChecking/div_Accordion_DokumenObjek_Pembiayaan""))",Chrome 150.0.7871.129,,,22-07-2026 13:44:43,22-07-2026 13:44:43,0.323s,PASSED
"selectOptionByValue(findTestObject(""Pilar 1/Dokumen Go Live/UAT/RBU/Staff-RBU-Dokumen-Objek-Pembiayaan/Page_DokumenChecking/select_b3-l2-538_1-b8-b1-l1-699_0-b1-l4_0-700_0-""), ""0"", false)",Chrome 150.0.7871.129,,,22-07-2026 13:44:43,22-07-2026 13:44:44,0.571s,PASSED
"selectOptionByValue(findTestObject(""Pilar 1/Dokumen Go Live/UAT/RBU/Staff-RBU-Dokumen-Objek-Pembiayaan/Page_DokumenChecking/select_b3-l2-538_1-b8-b1-l1-699_0-b1-l4_0-700_0-_1""), ""0"", false)",Chrome 150.0.7871.129,,,22-07-2026 13:44:44,22-07-2026 13:44:44,0.548s,PASSED
"setText(findTestObject(""Pilar 1/Dokumen Go Live/UAT/RBU/Staff-RBU-Dokumen-Objek-Pembiayaan/Page_DokumenChecking/textarea_b3-l2-538_1-b8-b1-l1-699_0-b1-l4_0-700_""), ""testing"")",Chrome 150.0.7871.129,,,22-07-2026 13:44:44,22-07-2026 13:44:45,0.704s,PASSED
"selectOptionByValue(findTestObject(""Pilar 1/Dokumen Go Live/UAT/RBU/Staff-RBU-Dokumen-Objek-Pembiayaan/Page_DokumenChecking/select_b3-l2-538_1-b8-b1-l1-699_0-b1-l4_0-700_1-""), ""0"", false)",Chrome 150.0.7871.129,,,22-07-2026 13:44:45,22-07-2026 13:44:46,0.748s,PASSED
"selectOptionByValue(findTestObject(""Pilar 1/Dokumen Go Live/UAT/RBU/Staff-RBU-Dokumen-Objek-Pembiayaan/Page_DokumenChecking/select_b3-l2-538_1-b8-b1-l1-699_0-b1-l4_0-700_1-_1""), ""0"", false)",Chrome 150.0.7871.129,,,22-07-2026 13:44:46,22-07-2026 13:44:46,0.546s,PASSED
"setText(findTestObject(""Pilar 1/Dokumen Go Live/UAT/RBU/Staff-RBU-Dokumen-Objek-Pembiayaan/Page_DokumenChecking/textarea_b3-l2-538_1-b8-b1-l1-699_0-b1-l4_0-700__1""), ""testing"")",Chrome 150.0.7871.129,,,22-07-2026 13:44:46,22-07-2026 13:44:47,0.657s,PASSED
"selectOptionByValue(findTestObject(""Pilar 1/Dokumen Go Live/UAT/RBU/Staff-RBU-Dokumen-Objek-Pembiayaan/Page_DokumenChecking/select_b3-l2-538_1-b8-b1-l1-699_0-b1-l4_0-700_2-""), ""0"", false)",Chrome 150.0.7871.129,,,22-07-2026 13:44:47,22-07-2026 13:44:48,0.773s,PASSED
"selectOptionByValue(findTestObject(""Pilar 1/Dokumen Go Live/UAT/RBU/Staff-RBU-Dokumen-Objek-Pembiayaan/Page_DokumenChecking/select_b3-l2-538_1-b8-b1-l1-699_0-b1-l4_0-700_2-_1""), ""0"", false)",Chrome 150.0.7871.129,,,22-07-2026 13:44:48,22-07-2026 13:44:48,0.535s,PASSED
"setText(findTestObject(""Pilar 1/Dokumen Go Live/UAT/RBU/Staff-RBU-Dokumen-Objek-Pembiayaan/Page_DokumenChecking/textarea_b3-l2-538_1-b8-b1-l1-699_0-b1-l4_0-700__2""), ""testing"")",Chrome 150.0.7871.129,,,22-07-2026 13:44:48,22-07-2026 13:44:49,0.665s,PASSED
"selectOptionByValue(findTestObject(""Pilar 1/Dokumen Go Live/UAT/RBU/Staff-RBU-Dokumen-Objek-Pembiayaan/Page_DokumenChecking/select_b3-l2-538_1-b8-b1-l1-699_0-b1-l4_0-700_3-""), ""0"", false)",Chrome 150.0.7871.129,,,22-07-2026 13:44:49,22-07-2026 13:44:50,0.748s,PASSED
"selectOptionByValue(findTestObject(""Pilar 1/Dokumen Go Live/UAT/RBU/Staff-RBU-Dokumen-Objek-Pembiayaan/Page_DokumenChecking/select_b3-l2-538_1-b8-b1-l1-699_0-b1-l4_0-700_3-_1""), ""0"", false)",Chrome 150.0.7871.129,,,22-07-2026 13:44:50,22-07-2026 13:44:50,0.530s,PASSED
"setText(findTestObject(""Pilar 1/Dokumen Go Live/UAT/RBU/Staff-RBU-Dokumen-Objek-Pembiayaan/Page_DokumenChecking/textarea_b3-l2-538_1-b8-b1-l1-699_0-b1-l4_0-700__3""), ""testing"")",Chrome 150.0.7871.129,,,22-07-2026 13:44:50,22-07-2026 13:44:51,0.636s,PASSED
"selectOptionByValue(findTestObject(""Pilar 1/Dokumen Go Live/UAT/RBU/Staff-RBU-Dokumen-Objek-Pembiayaan/Page_DokumenChecking/select_b3-l2-538_1-b8-b1-l1-699_0-b1-l4_0-700_4-""), ""0"", false)",Chrome 150.0.7871.129,,,22-07-2026 13:44:51,22-07-2026 13:44:52,0.750s,PASSED
"selectOptionByValue(findTestObject(""Pilar 1/Dokumen Go Live/UAT/RBU/Staff-RBU-Dokumen-Objek-Pembiayaan/Page_DokumenChecking/select_b3-l2-538_1-b8-b1-l1-699_0-b1-l4_0-700_4-_1""), ""0"", false)",Chrome 150.0.7871.129,,,22-07-2026 13:44:52,22-07-2026 13:44:52,0.527s,PASSED
"setText(findTestObject(""Pilar 1/Dokumen Go Live/UAT/RBU/Staff-RBU-Dokumen-Objek-Pembiayaan/Page_DokumenChecking/textarea_b3-l2-538_1-b8-b1-l1-699_0-b1-l4_0-700__4""), ""testing"")",Chrome 150.0.7871.129,,,22-07-2026 13:44:52,22-07-2026 13:44:53,0.641s,PASSED
"selectOptionByValue(findTestObject(""Pilar 1/Dokumen Go Live/UAT/RBU/Staff-RBU-Dokumen-Objek-Pembiayaan/Page_DokumenChecking/select_b3-l2-538_1-b8-b1-l1-699_0-b1-l4_0-700_5-""), ""0"", false)",Chrome 150.0.7871.129,,,22-07-2026 13:44:53,22-07-2026 13:44:53,0.691s,PASSED
"selectOptionByValue(findTestObject(""Pilar 1/Dokumen Go Live/UAT/RBU/Staff-RBU-Dokumen-Objek-Pembiayaan/Page_DokumenChecking/select_b3-l2-538_1-b8-b1-l1-699_0-b1-l4_0-700_5-_1""), ""0"", false)",Chrome 150.0.7871.129,,,22-07-2026 13:44:53,22-07-2026 13:44:54,0.563s,PASSED
"setText(findTestObject(""Pilar 1/Dokumen Go Live/UAT/RBU/Staff-RBU-Dokumen-Objek-Pembiayaan/Page_DokumenChecking/textarea_b3-l2-538_1-b8-b1-l1-699_0-b1-l4_0-700__5""), ""testing"")",Chrome 150.0.7871.129,,,22-07-2026 13:44:54,22-07-2026 13:44:55,0.639s,PASSED
"click(findTestObject(""Pilar 1/Dokumen Go Live/UAT/RBU/Staff-RBU-Dokumen-Objek-Pembiayaan/Page_DokumenChecking/button_b3-ButtonDraftRBU""))",Chrome 150.0.7871.129,,,22-07-2026 13:44:55,22-07-2026 13:44:55,0.542s,PASSED
"click(findTestObject(""Pilar 1/Dokumen Go Live/UAT/RBU/Staff-RBU-Dokumen-Objek-Pembiayaan/Page_DokumenChecking/button_Next_1""))",Chrome 150.0.7871.129,,,22-07-2026 13:44:55,22-07-2026 13:44:56,0.880s,PASSED
,,,,,,,
Test Cases/Pilar 1/Dokumen Go Live/UAT/RBU/Staff-RBU-Submit-Dokumen-Persetujuan,Chrome 150.0.7871.129,,,22-07-2026 13:44:56,22-07-2026 13:46:36,1m - 39.995s,PASSED
"callTestCase(findTestCase(""Pilar 1/Login/UAT/Staff-RBU""), [:], STOP_ON_FAILURE)",Chrome 150.0.7871.129,,,22-07-2026 13:44:56,22-07-2026 13:45:30,33.761s,PASSED
"click(findTestObject(""Pilar 1/Dokumen Go Live/UAT/CBU/Staff-CBU-Submit-Task/Dokumen-Persyaratan-Kredit/Page_Dashboard/div_b2-l1-16_3-b3-SubMenuHeader""))",Chrome 150.0.7871.129,,,22-07-2026 13:45:30,22-07-2026 13:45:37,6.991s,PASSED
"click(findTestObject(""Pilar 1/Dokumen Go Live/UAT/CBU/Staff-CBU-Submit-Task/Dokumen-Persyaratan-Kredit/Page_Dashboard/div_b2-l1-16_3-b4-l1-23_4-b1-SubMenuHeader""))",Chrome 150.0.7871.129,,,22-07-2026 13:45:37,22-07-2026 13:45:37,0.493s,PASSED
"click(findTestObject(""Pilar 1/Dokumen Go Live/UAT/CBU/Staff-CBU-Submit-Task/Dokumen-Persyaratan-Kredit/Page_Dashboard/a_Dokumen Golive""))",Chrome 150.0.7871.129,,,22-07-2026 13:45:37,22-07-2026 13:45:38,0.307s,PASSED
"setText(findTestObject(""Pilar 1/Dokumen Go Live/UAT/CBU/Staff-CBU-Submit-Task/Dokumen-Persyaratan-Kredit/Page_KelengkapanKredit/input_b3-b2-b1-Input_StartDate""), ""22-07-2026"")",Chrome 150.0.7871.129,,,22-07-2026 13:45:38,22-07-2026 13:45:40,2.289s,PASSED
"setText(findTestObject(""Pilar 1/Dokumen Go Live/UAT/CBU/Staff-CBU-Submit-Task/Dokumen-Persyaratan-Kredit/Page_KelengkapanKredit/input_b3-b2-b1-Input_StartDate2""), ""22-07-2026"")",Chrome 150.0.7871.129,,,22-07-2026 13:45:40,22-07-2026 13:45:41,0.576s,PASSED
"selectOptionByValue(findTestObject(""Pilar 1/Dokumen Go Live/UAT/CBU/Staff-CBU-Submit-Task/Dokumen-Persyaratan-Kredit/Page_KelengkapanKredit/select_b3-b2-b1-Dropdown3""), ""1"", false)",Chrome 150.0.7871.129,,,22-07-2026 13:45:41,22-07-2026 13:45:41,0.542s,PASSED
"click(findTestObject(""Pilar 1/Dokumen Go Live/UAT/CBU/Staff-CBU-Submit-Task/Dokumen-Persyaratan-Kredit/Page_KelengkapanKredit/button_Cari""))",Chrome 150.0.7871.129,,,22-07-2026 13:45:41,22-07-2026 13:45:41,0.315s,PASSED
"click(findTestObject(""Pilar 1/Dokumen Go Live/UAT/CBU/Staff-CBU-Submit-Task/Dokumen-Persyaratan-Kredit/Page_KelengkapanKredit/action""))",Chrome 150.0.7871.129,,,22-07-2026 13:45:41,22-07-2026 13:45:42,0.905s,PASSED
"click(findTestObject(""Pilar 1/Dokumen Go Live/UAT/CBU/Staff-CBU-Submit-Task/Dokumen-Persyaratan-Kredit/Page_KelengkapanKredit/div_Pemeriksaan""))",Chrome 150.0.7871.129,,,22-07-2026 13:45:42,22-07-2026 13:45:43,0.554s,PASSED
"click(findTestObject(""Pilar 1/Dokumen Go Live/UAT/CBU/Staff-CBU-Submit-Task/Dokumen-Persyaratan-Kredit/Page_DokumenChecking/button_Draft""))",Chrome 150.0.7871.129,,,22-07-2026 13:45:43,22-07-2026 13:45:46,2.641s,PASSED
"click(findTestObject(""Pilar 1/Dokumen Go Live/UAT/CBU/Staff-CBU-Submit-Task/Dokumen-Persyaratan-Kredit/Page_DokumenChecking/button_Next""))",Chrome 150.0.7871.129,,,22-07-2026 13:45:46,22-07-2026 13:45:51,5.799s,PASSED
"click(findTestObject(""Pilar 1/Dokumen Go Live/UAT/CBU/Staff-CBU-Submit-Task/Dokumen-Persyaratan-Kredit/Page_DokumenChecking/button_Draft""))",Chrome 150.0.7871.129,,,22-07-2026 13:45:51,22-07-2026 13:45:52,0.541s,PASSED
"click(findTestObject(""Pilar 1/Dokumen Go Live/UAT/CBU/Staff-CBU-Submit-Task/Dokumen-Persyaratan-Kredit/Page_DokumenChecking/button_Next""))",Chrome 150.0.7871.129,,,22-07-2026 13:45:52,22-07-2026 13:45:57,5.407s,PASSED
"click(findTestObject(""Pilar 1/Dokumen Go Live/UAT/RBU/Staff-RBU-Dokumen-Persetujuan/Page_DokumenChecking/i_icon accordion-dokumen-persetujuan-kredit""))",Chrome 150.0.7871.129,,,22-07-2026 13:45:57,22-07-2026 13:45:58,0.541s,PASSED
"selectOptionByValue(findTestObject(""Pilar 1/Dokumen Go Live/UAT/RBU/Staff-RBU-Dokumen-Persetujuan/Page_DokumenChecking/select_b3-l2-184_2-b8-b1-l1-334_0-b1-l4_0-335_0-""), ""0"", false)",Chrome 150.0.7871.129,,,22-07-2026 13:45:58,22-07-2026 13:45:59,0.616s,PASSED
"selectOptionByValue(findTestObject(""Pilar 1/Dokumen Go Live/UAT/RBU/Staff-RBU-Dokumen-Persetujuan/Page_DokumenChecking/select_b3-l2-184_2-b8-b1-l1-334_0-b1-l4_0-335_0-_1""), ""0"", false)",Chrome 150.0.7871.129,,,22-07-2026 13:45:59,22-07-2026 13:45:59,0.540s,PASSED
"setText(findTestObject(""Pilar 1/Dokumen Go Live/UAT/RBU/Staff-RBU-Dokumen-Persetujuan/Page_DokumenChecking/textarea_b3-l2-184_2-b8-b1-l1-334_0-b1-l4_0-335_""), ""testing"")",Chrome 150.0.7871.129,,,22-07-2026 13:45:59,22-07-2026 13:46:00,0.695s,PASSED
"selectOptionByValue(findTestObject(""Pilar 1/Dokumen Go Live/UAT/RBU/Staff-RBU-Dokumen-Persetujuan/Page_DokumenChecking/select_b3-l2-184_2-b8-b1-l1-334_0-b1-l4_0-335_1-""), ""0"", false)",Chrome 150.0.7871.129,,,22-07-2026 13:46:00,22-07-2026 13:46:01,0.779s,PASSED
"selectOptionByValue(findTestObject(""Pilar 1/Dokumen Go Live/UAT/RBU/Staff-RBU-Dokumen-Persetujuan/Page_DokumenChecking/select_b3-l2-184_2-b8-b1-l1-334_0-b1-l4_0-335_1-_1""), ""0"", false)",Chrome 150.0.7871.129,,,22-07-2026 13:46:01,22-07-2026 13:46:01,0.539s,PASSED
"setText(findTestObject(""Pilar 1/Dokumen Go Live/UAT/RBU/Staff-RBU-Dokumen-Persetujuan/Page_DokumenChecking/textarea_b3-l2-184_2-b8-b1-l1-334_0-b1-l4_0-335__1""), ""testing"")",Chrome 150.0.7871.129,,,22-07-2026 13:46:01,22-07-2026 13:46:02,0.713s,PASSED
"selectOptionByValue(findTestObject(""Pilar 1/Dokumen Go Live/UAT/RBU/Staff-RBU-Dokumen-Persetujuan/Page_DokumenChecking/select_b3-l2-184_2-b8-b1-l1-334_0-b1-l4_0-335_2-""), ""0"", false)",Chrome 150.0.7871.129,,,22-07-2026 13:46:02,22-07-2026 13:46:03,0.836s,PASSED
"selectOptionByValue(findTestObject(""Pilar 1/Dokumen Go Live/UAT/RBU/Staff-RBU-Dokumen-Persetujuan/Page_DokumenChecking/select_b3-l2-184_2-b8-b1-l1-334_0-b1-l4_0-335_2-_1""), ""0"", false)",Chrome 150.0.7871.129,,,22-07-2026 13:46:03,22-07-2026 13:46:03,0.533s,PASSED
"setText(findTestObject(""Pilar 1/Dokumen Go Live/UAT/RBU/Staff-RBU-Dokumen-Persetujuan/Page_DokumenChecking/textarea_b3-l2-184_2-b8-b1-l1-334_0-b1-l4_0-335__2""), ""testing"")",Chrome 150.0.7871.129,,,22-07-2026 13:46:03,22-07-2026 13:46:04,0.670s,PASSED
"selectOptionByValue(findTestObject(""Pilar 1/Dokumen Go Live/UAT/RBU/Staff-RBU-Dokumen-Persetujuan/Page_DokumenChecking/select_b3-l2-184_2-b8-b1-l1-334_0-b1-l4_0-335_3-""), ""0"", false)",Chrome 150.0.7871.129,,,22-07-2026 13:46:04,22-07-2026 13:46:05,0.743s,PASSED
"selectOptionByValue(findTestObject(""Pilar 1/Dokumen Go Live/UAT/RBU/Staff-RBU-Dokumen-Persetujuan/Page_DokumenChecking/select_b3-l2-184_2-b8-b1-l1-334_0-b1-l4_0-335_3-_1""), ""0"", false)",Chrome 150.0.7871.129,,,22-07-2026 13:46:05,22-07-2026 13:46:05,0.540s,PASSED
"setText(findTestObject(""Pilar 1/Dokumen Go Live/UAT/RBU/Staff-RBU-Dokumen-Persetujuan/Page_DokumenChecking/textarea_b3-l2-184_2-b8-b1-l1-334_0-b1-l4_0-335__3""), ""testing"")",Chrome 150.0.7871.129,,,22-07-2026 13:46:05,22-07-2026 13:46:06,0.735s,PASSED
"selectOptionByValue(findTestObject(""Pilar 1/Dokumen Go Live/UAT/RBU/Staff-RBU-Dokumen-Perjanjian/Page_DokumenChecking/select_b3-l2-178_2-b8-b1-l1-283_0-b1-l4_0-284_4-""), ""0"", false)",Chrome 150.0.7871.129,,,22-07-2026 13:46:06,22-07-2026 13:46:07,0.750s,PASSED
"selectOptionByValue(findTestObject(""Pilar 1/Dokumen Go Live/UAT/RBU/Staff-RBU-Dokumen-Perjanjian/Page_DokumenChecking/select_b3-l2-178_2-b8-b1-l1-283_0-b1-l4_0-284_4-_1""), ""0"", false)",Chrome 150.0.7871.129,,,22-07-2026 13:46:07,22-07-2026 13:46:07,0.540s,PASSED
"setText(findTestObject(""Pilar 1/Dokumen Go Live/UAT/RBU/Staff-RBU-Dokumen-Perjanjian/Page_DokumenChecking/textarea_b3-l2-178_2-b8-b1-l1-283_0-b1-l4_0-284_""), ""testing"")",Chrome 150.0.7871.129,,,22-07-2026 13:46:07,22-07-2026 13:46:08,0.720s,PASSED
"selectOptionByValue(findTestObject(""Pilar 1/Dokumen Go Live/UAT/RBU/Staff-RBU-Dokumen-Perjanjian/Page_DokumenChecking/select_b3-l2-178_2-b8-b1-l1-283_0-b1-l4_0-284_5-""), ""0"", false)",Chrome 150.0.7871.129,,,22-07-2026 13:46:08,22-07-2026 13:46:09,0.803s,PASSED
"selectOptionByValue(findTestObject(""Pilar 1/Dokumen Go Live/UAT/RBU/Staff-RBU-Dokumen-Perjanjian/Page_DokumenChecking/select_b3-l2-178_2-b8-b1-l1-283_0-b1-l4_0-284_5-_1""), ""0"", false)",Chrome 150.0.7871.129,,,22-07-2026 13:46:09,22-07-2026 13:46:09,0.654s,PASSED
"setText(findTestObject(""Pilar 1/Dokumen Go Live/UAT/RBU/Staff-RBU-Dokumen-Perjanjian/Page_DokumenChecking/textarea_b3-l2-178_2-b8-b1-l1-283_0-b1-l4_0-284__1""), ""testing"")",Chrome 150.0.7871.129,,,22-07-2026 13:46:09,22-07-2026 13:46:10,0.728s,PASSED
"selectOptionByValue(findTestObject(""Pilar 1/Dokumen Go Live/UAT/RBU/Staff-RBU-Dokumen-Perjanjian/Page_DokumenChecking/select_b3-l2-178_2-b8-b1-l1-283_0-b1-l4_0-284_6-""), ""0"", false)",Chrome 150.0.7871.129,,,22-07-2026 13:46:10,22-07-2026 13:46:11,0.799s,PASSED
"selectOptionByValue(findTestObject(""Pilar 1/Dokumen Go Live/UAT/RBU/Staff-RBU-Dokumen-Perjanjian/Page_DokumenChecking/select_b3-l2-178_2-b8-b1-l1-283_0-b1-l4_0-284_6-_1""), ""0"", false)",Chrome 150.0.7871.129,,,22-07-2026 13:46:11,22-07-2026 13:46:11,0.597s,PASSED
"setText(findTestObject(""Pilar 1/Dokumen Go Live/UAT/RBU/Staff-RBU-Dokumen-Perjanjian/Page_DokumenChecking/textarea_b3-l2-178_2-b8-b1-l1-283_0-b1-l4_0-284__2""), ""testing"")",Chrome 150.0.7871.129,,,22-07-2026 13:46:11,22-07-2026 13:46:12,0.752s,PASSED
"selectOptionByValue(findTestObject(""Pilar 1/Dokumen Go Live/UAT/RBU/Staff-RBU-Dokumen-Perjanjian/Page_DokumenChecking/select_b3-l2-178_2-b8-b1-l1-283_0-b1-l4_0-284_7-""), ""0"", false)",Chrome 150.0.7871.129,,,22-07-2026 13:46:12,22-07-2026 13:46:13,0.769s,PASSED
"selectOptionByValue(findTestObject(""Pilar 1/Dokumen Go Live/UAT/RBU/Staff-RBU-Dokumen-Perjanjian/Page_DokumenChecking/select_b3-l2-178_2-b8-b1-l1-283_0-b1-l4_0-284_7-_1""), ""0"", false)",Chrome 150.0.7871.129,,,22-07-2026 13:46:13,22-07-2026 13:46:14,0.688s,PASSED
"setText(findTestObject(""Pilar 1/Dokumen Go Live/UAT/RBU/Staff-RBU-Dokumen-Perjanjian/Page_DokumenChecking/textarea_b3-l2-178_2-b8-b1-l1-283_0-b1-l4_0-284__3""), ""testing"")",Chrome 150.0.7871.129,,,22-07-2026 13:46:14,22-07-2026 13:46:14,0.722s,PASSED
"selectOptionByValue(findTestObject(""Pilar 1/Dokumen Go Live/UAT/RBU/Staff-RBU-Dokumen-Perjanjian/Page_DokumenChecking/select_b3-l2-178_2-b8-b1-l1-283_0-b1-l4_0-284_8-""), ""0"", false)",Chrome 150.0.7871.129,,,22-07-2026 13:46:14,22-07-2026 13:46:15,0.777s,PASSED
"selectOptionByValue(findTestObject(""Pilar 1/Dokumen Go Live/UAT/RBU/Staff-RBU-Dokumen-Perjanjian/Page_DokumenChecking/select_b3-l2-178_2-b8-b1-l1-283_0-b1-l4_0-284_8-_1""), ""0"", false)",Chrome 150.0.7871.129,,,22-07-2026 13:46:15,22-07-2026 13:46:16,0.606s,PASSED
"setText(findTestObject(""Pilar 1/Dokumen Go Live/UAT/RBU/Staff-RBU-Dokumen-Perjanjian/Page_DokumenChecking/textarea_b3-l2-178_2-b8-b1-l1-283_0-b1-l4_0-284__4""), ""testing"")",Chrome 150.0.7871.129,,,22-07-2026 13:46:16,22-07-2026 13:46:16,0.681s,PASSED
"selectOptionByValue(findTestObject(""Pilar 1/Dokumen Go Live/UAT/RBU/Staff-RBU-Dokumen-Perjanjian/Page_DokumenChecking/select_b3-l2-178_2-b8-b1-l1-283_0-b1-l4_0-284_9-""), ""0"", false)",Chrome 150.0.7871.129,,,22-07-2026 13:46:16,22-07-2026 13:46:17,0.768s,PASSED
"selectOptionByValue(findTestObject(""Pilar 1/Dokumen Go Live/UAT/RBU/Staff-RBU-Dokumen-Perjanjian/Page_DokumenChecking/select_b3-l2-178_2-b8-b1-l1-283_0-b1-l4_0-284_9-_1""), ""0"", false)",Chrome 150.0.7871.129,,,22-07-2026 13:46:17,22-07-2026 13:46:18,0.548s,PASSED
"setText(findTestObject(""Pilar 1/Dokumen Go Live/UAT/RBU/Staff-RBU-Dokumen-Perjanjian/Page_DokumenChecking/textarea_b3-l2-178_2-b8-b1-l1-283_0-b1-l4_0-284__5""), ""testing"")",Chrome 150.0.7871.129,,,22-07-2026 13:46:18,22-07-2026 13:46:18,0.740s,PASSED
"selectOptionByValue(findTestObject(""Pilar 1/Dokumen Go Live/UAT/RBU/Staff-RBU-Dokumen-Perjanjian/Page_DokumenChecking/select_b3-l2-178_2-b8-b1-l1-283_0-b1-l4_0-284_10""), ""0"", false)",Chrome 150.0.7871.129,,,22-07-2026 13:46:18,22-07-2026 13:46:19,0.771s,PASSED
"selectOptionByValue(findTestObject(""Pilar 1/Dokumen Go Live/UAT/RBU/Staff-RBU-Dokumen-Perjanjian/Page_DokumenChecking/select_b3-l2-178_2-b8-b1-l1-283_0-b1-l4_0-284_10_1""), ""0"", false)",Chrome 150.0.7871.129,,,22-07-2026 13:46:19,22-07-2026 13:46:20,0.529s,PASSED
"setText(findTestObject(""Pilar 1/Dokumen Go Live/UAT/RBU/Staff-RBU-Dokumen-Perjanjian/Page_DokumenChecking/textarea_b3-l2-178_2-b8-b1-l1-283_0-b1-l4_0-284__6""), ""testing"")",Chrome 150.0.7871.129,,,22-07-2026 13:46:20,22-07-2026 13:46:20,0.665s,PASSED
"selectOptionByValue(findTestObject(""Pilar 1/Dokumen Go Live/UAT/RBU/Staff-RBU-Dokumen-Perjanjian/Page_DokumenChecking/select_b3-l2-178_2-b8-b1-l1-283_0-b1-l4_0-284_11""), ""0"", false)",Chrome 150.0.7871.129,,,22-07-2026 13:46:20,22-07-2026 13:46:21,0.753s,PASSED
"selectOptionByValue(findTestObject(""Pilar 1/Dokumen Go Live/UAT/RBU/Staff-RBU-Dokumen-Perjanjian/Page_DokumenChecking/select_b3-l2-178_2-b8-b1-l1-283_0-b1-l4_0-284_11_1""), ""0"", false)",Chrome 150.0.7871.129,,,22-07-2026 13:46:21,22-07-2026 13:46:22,0.554s,PASSED
"setText(findTestObject(""Pilar 1/Dokumen Go Live/UAT/RBU/Staff-RBU-Dokumen-Perjanjian/Page_DokumenChecking/textarea_b3-l2-178_2-b8-b1-l1-283_0-b1-l4_0-284__7""), ""testing"")",Chrome 150.0.7871.129,,,22-07-2026 13:46:22,22-07-2026 13:46:22,0.668s,PASSED
"selectOptionByValue(findTestObject(""Pilar 1/Dokumen Go Live/UAT/RBU/Staff-RBU-Dokumen-Perjanjian/Page_DokumenChecking/select_b3-l2-178_2-b8-b1-l1-283_0-b1-l4_0-284_12""), ""0"", false)",Chrome 150.0.7871.129,,,22-07-2026 13:46:22,22-07-2026 13:46:23,0.764s,PASSED
"selectOptionByValue(findTestObject(""Pilar 1/Dokumen Go Live/UAT/RBU/Staff-RBU-Dokumen-Perjanjian/Page_DokumenChecking/select_b3-l2-178_2-b8-b1-l1-283_0-b1-l4_0-284_12_1""), ""0"", false)",Chrome 150.0.7871.129,,,22-07-2026 13:46:23,22-07-2026 13:46:24,0.571s,PASSED
"setText(findTestObject(""Pilar 1/Dokumen Go Live/UAT/RBU/Staff-RBU-Dokumen-Perjanjian/Page_DokumenChecking/textarea_b3-l2-178_2-b8-b1-l1-283_0-b1-l4_0-284__8""), ""testing"")",Chrome 150.0.7871.129,,,22-07-2026 13:46:24,22-07-2026 13:46:24,0.723s,PASSED
"selectOptionByValue(findTestObject(""Pilar 1/Dokumen Go Live/UAT/RBU/Staff-RBU-Dokumen-Perjanjian/Page_DokumenChecking/select_b3-l2-178_2-b8-b1-l1-283_0-b1-l4_0-284_13""), ""0"", false)",Chrome 150.0.7871.129,,,22-07-2026 13:46:24,22-07-2026 13:46:25,0.788s,PASSED
"selectOptionByValue(findTestObject(""Pilar 1/Dokumen Go Live/UAT/RBU/Staff-RBU-Dokumen-Perjanjian/Page_DokumenChecking/select_b3-l2-178_2-b8-b1-l1-283_0-b1-l4_0-284_13_1""), ""0"", false)",Chrome 150.0.7871.129,,,22-07-2026 13:46:25,22-07-2026 13:46:26,0.572s,PASSED
"setText(findTestObject(""Pilar 1/Dokumen Go Live/UAT/RBU/Staff-RBU-Dokumen-Perjanjian/Page_DokumenChecking/textarea_b3-l2-178_2-b8-b1-l1-283_0-b1-l4_0-284__9""), ""testing"")",Chrome 150.0.7871.129,,,22-07-2026 13:46:26,22-07-2026 13:46:27,0.668s,PASSED
"click(findTestObject(""Pilar 1/Dokumen Go Live/UAT/CBU/Staff-CBU-Submit-Task/Dokumen-Persyaratan-Kredit/Page_DokumenChecking/button_Draft""))",Chrome 150.0.7871.129,,,22-07-2026 13:46:27,22-07-2026 13:46:27,0.512s,PASSED
"click(findTestObject(""Pilar 1/Dokumen Go Live/UAT/CBU/Staff-CBU-Submit-Task/Dokumen-Persyaratan-Kredit/Page_DokumenChecking/button_Next""))",Chrome 150.0.7871.129,,,22-07-2026 13:46:27,22-07-2026 13:46:36,9.003s,PASSED
,,,,,,,
Test Cases/Pilar 1/Dokumen Go Live/UAT/RBU/Staff-RBU-Dokumen-Perjanjian,Chrome 150.0.7871.129,,,22-07-2026 13:46:36,22-07-2026 13:48:28,1m - 51.580s,PASSED
"callTestCase(findTestCase(""Pilar 1/Login/UAT/Staff-RBU""), [:], STOP_ON_FAILURE)",Chrome 150.0.7871.129,,,22-07-2026 13:46:36,22-07-2026 13:47:10,33.639s,PASSED
"click(findTestObject(""Pilar 1/Dokumen Go Live/UAT/CBU/Staff-CBU-Submit-Task/Dokumen-Persyaratan-Kredit/Page_Dashboard/div_b2-l1-16_3-b3-SubMenuHeader""))",Chrome 150.0.7871.129,,,22-07-2026 13:47:10,22-07-2026 13:47:15,4.777s,PASSED
"click(findTestObject(""Pilar 1/Dokumen Go Live/UAT/CBU/Staff-CBU-Submit-Task/Dokumen-Persyaratan-Kredit/Page_Dashboard/div_b2-l1-16_3-b4-l1-23_4-b1-SubMenuHeader""))",Chrome 150.0.7871.129,,,22-07-2026 13:47:15,22-07-2026 13:47:15,0.535s,PASSED
"click(findTestObject(""Pilar 1/Dokumen Go Live/UAT/CBU/Staff-CBU-Submit-Task/Dokumen-Persyaratan-Kredit/Page_Dashboard/a_Dokumen Golive""))",Chrome 150.0.7871.129,,,22-07-2026 13:47:15,22-07-2026 13:47:15,0.290s,PASSED
"setText(findTestObject(""Pilar 1/Dokumen Go Live/UAT/CBU/Staff-CBU-Submit-Task/Dokumen-Persyaratan-Kredit/Page_KelengkapanKredit/input_b3-b2-b1-Input_StartDate""), ""22-07-2026"")",Chrome 150.0.7871.129,,,22-07-2026 13:47:15,22-07-2026 13:47:19,3.307s,PASSED
"setText(findTestObject(""Pilar 1/Dokumen Go Live/UAT/CBU/Staff-CBU-Submit-Task/Dokumen-Persyaratan-Kredit/Page_KelengkapanKredit/input_b3-b2-b1-Input_StartDate2""), ""22-07-2026"")",Chrome 150.0.7871.129,,,22-07-2026 13:47:19,22-07-2026 13:47:19,0.570s,PASSED
"selectOptionByValue(findTestObject(""Pilar 1/Dokumen Go Live/UAT/CBU/Staff-CBU-Submit-Task/Dokumen-Persyaratan-Kredit/Page_KelengkapanKredit/select_b3-b2-b1-Dropdown3""), ""1"", false)",Chrome 150.0.7871.129,,,22-07-2026 13:47:19,22-07-2026 13:47:20,0.522s,PASSED
"click(findTestObject(""Pilar 1/Dokumen Go Live/UAT/CBU/Staff-CBU-Submit-Task/Dokumen-Persyaratan-Kredit/Page_KelengkapanKredit/button_Cari""))",Chrome 150.0.7871.129,,,22-07-2026 13:47:20,22-07-2026 13:47:20,0.305s,PASSED
"click(findTestObject(""Pilar 1/Dokumen Go Live/UAT/CBU/Staff-CBU-Submit-Task/Dokumen-Persyaratan-Kredit/Page_KelengkapanKredit/action""))",Chrome 150.0.7871.129,,,22-07-2026 13:47:20,22-07-2026 13:47:21,0.764s,PASSED
"click(findTestObject(""Pilar 1/Dokumen Go Live/UAT/CBU/Staff-CBU-Submit-Task/Dokumen-Persyaratan-Kredit/Page_KelengkapanKredit/div_Pemeriksaan""))",Chrome 150.0.7871.129,,,22-07-2026 13:47:21,22-07-2026 13:47:21,0.512s,PASSED
"click(findTestObject(""Pilar 1/Dokumen Go Live/UAT/CBU/Staff-CBU-Submit-Task/Dokumen-Persyaratan-Kredit/Page_DokumenChecking/button_Draft""))",Chrome 150.0.7871.129,,,22-07-2026 13:47:21,22-07-2026 13:47:25,3.689s,PASSED
"click(findTestObject(""Pilar 1/Dokumen Go Live/UAT/CBU/Staff-CBU-Submit-Task/Dokumen-Persyaratan-Kredit/Page_DokumenChecking/button_Next""))",Chrome 150.0.7871.129,,,22-07-2026 13:47:25,22-07-2026 13:47:34,8.650s,PASSED
"click(findTestObject(""Pilar 1/Dokumen Go Live/UAT/CBU/Staff-CBU-Submit-Task/Dokumen-Persyaratan-Kredit/Page_DokumenChecking/button_Draft""))",Chrome 150.0.7871.129,,,22-07-2026 13:47:34,22-07-2026 13:47:34,0.534s,PASSED
"click(findTestObject(""Pilar 1/Dokumen Go Live/UAT/CBU/Staff-CBU-Submit-Task/Dokumen-Persyaratan-Kredit/Page_DokumenChecking/button_Next""))",Chrome 150.0.7871.129,,,22-07-2026 13:47:34,22-07-2026 13:47:41,6.979s,PASSED
"click(findTestObject(""Pilar 1/Dokumen Go Live/UAT/CBU/Staff-CBU-Submit-Task/Dokumen-Persyaratan-Kredit/Page_DokumenChecking/button_Draft""))",Chrome 150.0.7871.129,,,22-07-2026 13:47:41,22-07-2026 13:47:42,0.542s,PASSED
"click(findTestObject(""Pilar 1/Dokumen Go Live/UAT/CBU/Staff-CBU-Submit-Task/Dokumen-Persyaratan-Kredit/Page_DokumenChecking/button_Next""))",Chrome 150.0.7871.129,,,22-07-2026 13:47:42,22-07-2026 13:47:48,6.657s,PASSED
"click(findTestObject(""Pilar 1/Dokumen Go Live/UAT/RBU/Staff-RBU-Dokumen-Perjanjian/Page_DokumenChecking/i_icon accordion-dokumen-perjajian""))",Chrome 150.0.7871.129,,,22-07-2026 13:47:48,22-07-2026 13:47:49,0.550s,PASSED
"selectOptionByValue(findTestObject(""Pilar 1/Dokumen Go Live/UAT/RBU/Staff-RBU-Dokumen-Perjanjian/Page_DokumenChecking/select_b3-l2-88_3-b8-b1-l1-172_0-b1-l4_0-173_0-K""), ""0"", false)",Chrome 150.0.7871.129,,,22-07-2026 13:47:49,22-07-2026 13:47:50,0.659s,PASSED
"selectOptionByValue(findTestObject(""Pilar 1/Dokumen Go Live/UAT/RBU/Staff-RBU-Dokumen-Perjanjian/Page_DokumenChecking/select_b3-l2-88_3-b8-b1-l1-172_0-b1-l4_0-173_0-K_1""), ""0"", false)",Chrome 150.0.7871.129,,,22-07-2026 13:47:50,22-07-2026 13:47:50,0.528s,PASSED
"setText(findTestObject(""Pilar 1/Dokumen Go Live/UAT/RBU/Staff-RBU-Dokumen-Perjanjian/Page_DokumenChecking/textarea_b3-l2-88_3-b8-b1-l1-172_0-b1-l4_0-173_0""), ""testing"")",Chrome 150.0.7871.129,,,22-07-2026 13:47:50,22-07-2026 13:47:51,0.653s,PASSED
"selectOptionByValue(findTestObject(""Pilar 1/Dokumen Go Live/UAT/RBU/Staff-RBU-Dokumen-Perjanjian/Page_DokumenChecking/select_b3-l2-88_3-b8-b1-l1-172_0-b1-l4_0-173_1-K""), ""0"", false)",Chrome 150.0.7871.129,,,22-07-2026 13:47:51,22-07-2026 13:47:52,0.742s,PASSED
"selectOptionByValue(findTestObject(""Pilar 1/Dokumen Go Live/UAT/RBU/Staff-RBU-Dokumen-Perjanjian/Page_DokumenChecking/select_b3-l2-88_3-b8-b1-l1-172_0-b1-l4_0-173_1-K_1""), ""0"", false)",Chrome 150.0.7871.129,,,22-07-2026 13:47:52,22-07-2026 13:47:52,0.541s,PASSED
"setText(findTestObject(""Pilar 1/Dokumen Go Live/UAT/RBU/Staff-RBU-Dokumen-Perjanjian/Page_DokumenChecking/textarea_b3-l2-88_3-b8-b1-l1-172_0-b1-l4_0-173_1""), ""testing"")",Chrome 150.0.7871.129,,,22-07-2026 13:47:52,22-07-2026 13:47:53,0.674s,PASSED
"selectOptionByValue(findTestObject(""Pilar 1/Dokumen Go Live/UAT/RBU/Staff-RBU-Dokumen-Perjanjian/Page_DokumenChecking/select_b3-l2-88_3-b8-b1-l1-172_0-b1-l4_0-173_2-K""), ""0"", false)",Chrome 150.0.7871.129,,,22-07-2026 13:47:53,22-07-2026 13:47:54,0.763s,PASSED
"selectOptionByValue(findTestObject(""Pilar 1/Dokumen Go Live/UAT/RBU/Staff-RBU-Dokumen-Perjanjian/Page_DokumenChecking/select_b3-l2-88_3-b8-b1-l1-172_0-b1-l4_0-173_2-K_1""), ""0"", false)",Chrome 150.0.7871.129,,,22-07-2026 13:47:54,22-07-2026 13:47:54,0.545s,PASSED
"setText(findTestObject(""Pilar 1/Dokumen Go Live/UAT/RBU/Staff-RBU-Dokumen-Perjanjian/Page_DokumenChecking/textarea_b3-l2-88_3-b8-b1-l1-172_0-b1-l4_0-173_2""), ""testing"")",Chrome 150.0.7871.129,,,22-07-2026 13:47:54,22-07-2026 13:47:55,0.630s,PASSED
"selectOptionByValue(findTestObject(""Pilar 1/Dokumen Go Live/UAT/RBU/Staff-RBU-Dokumen-Perjanjian/Page_DokumenChecking/select_b3-l2-88_3-b8-b1-l1-172_0-b1-l4_0-173_3-K""), ""0"", false)",Chrome 150.0.7871.129,,,22-07-2026 13:47:55,22-07-2026 13:47:55,0.760s,PASSED
"selectOptionByValue(findTestObject(""Pilar 1/Dokumen Go Live/UAT/RBU/Staff-RBU-Dokumen-Perjanjian/Page_DokumenChecking/select_b3-l2-88_3-b8-b1-l1-172_0-b1-l4_0-173_3-K_1""), ""0"", false)",Chrome 150.0.7871.129,,,22-07-2026 13:47:55,22-07-2026 13:47:56,0.544s,PASSED
"setText(findTestObject(""Pilar 1/Dokumen Go Live/UAT/RBU/Staff-RBU-Dokumen-Perjanjian/Page_DokumenChecking/textarea_b3-l2-88_3-b8-b1-l1-172_0-b1-l4_0-173_3""), ""testing"")",Chrome 150.0.7871.129,,,22-07-2026 13:47:56,22-07-2026 13:47:57,0.713s,PASSED
"selectOptionByValue(findTestObject(""Pilar 1/Dokumen Go Live/UAT/RBU/Staff-RBU-Dokumen-Perjanjian/Page_DokumenChecking/select_b3-l2-88_3-b8-b1-l1-172_0-b1-l4_0-173_4-K""), ""0"", false)",Chrome 150.0.7871.129,,,22-07-2026 13:47:57,22-07-2026 13:47:57,0.754s,PASSED
"selectOptionByValue(findTestObject(""Pilar 1/Dokumen Go Live/UAT/RBU/Staff-RBU-Dokumen-Perjanjian/Page_DokumenChecking/select_b3-l2-88_3-b8-b1-l1-172_0-b1-l4_0-173_4-K_1""), ""0"", false)",Chrome 150.0.7871.129,,,22-07-2026 13:47:57,22-07-2026 13:47:58,0.540s,PASSED
"setText(findTestObject(""Pilar 1/Dokumen Go Live/UAT/RBU/Staff-RBU-Dokumen-Perjanjian/Page_DokumenChecking/textarea_b3-l2-88_3-b8-b1-l1-172_0-b1-l4_0-173_4""), ""testing"")",Chrome 150.0.7871.129,,,22-07-2026 13:47:58,22-07-2026 13:47:59,0.659s,PASSED
"selectOptionByValue(findTestObject(""Pilar 1/Dokumen Go Live/UAT/RBU/Staff-RBU-Dokumen-Perjanjian/Page_DokumenChecking/select_b3-l2-88_3-b8-b1-l1-172_0-b1-l4_0-173_5-K""), ""0"", false)",Chrome 150.0.7871.129,,,22-07-2026 13:47:59,22-07-2026 13:47:59,0.776s,PASSED
"selectOptionByValue(findTestObject(""Pilar 1/Dokumen Go Live/UAT/RBU/Staff-RBU-Dokumen-Perjanjian/Page_DokumenChecking/select_b3-l2-88_3-b8-b1-l1-172_0-b1-l4_0-173_5-K_1""), ""0"", false)",Chrome 150.0.7871.129,,,22-07-2026 13:47:59,22-07-2026 13:48:00,0.558s,PASSED
"setText(findTestObject(""Pilar 1/Dokumen Go Live/UAT/RBU/Staff-RBU-Dokumen-Perjanjian/Page_DokumenChecking/textarea_b3-l2-88_3-b8-b1-l1-172_0-b1-l4_0-173_5""), ""testing"")",Chrome 150.0.7871.129,,,22-07-2026 13:48:00,22-07-2026 13:48:01,0.650s,PASSED
"selectOptionByValue(findTestObject(""Pilar 1/Dokumen Go Live/UAT/RBU/Staff-RBU-Dokumen-Perjanjian/Page_DokumenChecking/select_b3-l2-88_3-b8-b1-l1-172_0-b1-l4_0-173_6-K""), ""0"", false)",Chrome 150.0.7871.129,,,22-07-2026 13:48:01,22-07-2026 13:48:01,0.810s,PASSED
"selectOptionByValue(findTestObject(""Pilar 1/Dokumen Go Live/UAT/RBU/Staff-RBU-Dokumen-Perjanjian/Page_DokumenChecking/select_b3-l2-88_3-b8-b1-l1-172_0-b1-l4_0-173_6-K_1""), ""0"", false)",Chrome 150.0.7871.129,,,22-07-2026 13:48:01,22-07-2026 13:48:02,0.610s,PASSED
"setText(findTestObject(""Pilar 1/Dokumen Go Live/UAT/RBU/Staff-RBU-Dokumen-Perjanjian/Page_DokumenChecking/textarea_b3-l2-88_3-b8-b1-l1-172_0-b1-l4_0-173_6""), ""testing"")",Chrome 150.0.7871.129,,,22-07-2026 13:48:02,22-07-2026 13:48:03,0.700s,PASSED
"selectOptionByValue(findTestObject(""Pilar 1/Dokumen Go Live/UAT/RBU/Staff-RBU-Dokumen-Perjanjian/Page_DokumenChecking/select_b3-l2-88_3-b8-b1-l1-172_0-b1-l4_0-173_7-K""), ""0"", false)",Chrome 150.0.7871.129,,,22-07-2026 13:48:03,22-07-2026 13:48:04,0.826s,PASSED
"selectOptionByValue(findTestObject(""Pilar 1/Dokumen Go Live/UAT/RBU/Staff-RBU-Dokumen-Perjanjian/Page_DokumenChecking/select_b3-l2-88_3-b8-b1-l1-172_0-b1-l4_0-173_7-K_1""), ""0"", false)",Chrome 150.0.7871.129,,,22-07-2026 13:48:04,22-07-2026 13:48:04,0.567s,PASSED
"setText(findTestObject(""Pilar 1/Dokumen Go Live/UAT/RBU/Staff-RBU-Dokumen-Perjanjian/Page_DokumenChecking/textarea_b3-l2-88_3-b8-b1-l1-172_0-b1-l4_0-173_7""), ""testing"")",Chrome 150.0.7871.129,,,22-07-2026 13:48:04,22-07-2026 13:48:05,0.630s,PASSED
"selectOptionByValue(findTestObject(""Pilar 1/Dokumen Go Live/UAT/RBU/Staff-RBU-Dokumen-Perjanjian/Page_DokumenChecking/select_b3-l2-88_3-b8-b1-l1-172_0-b1-l4_0-173_8-K""), ""0"", false)",Chrome 150.0.7871.129,,,22-07-2026 13:48:05,22-07-2026 13:48:06,0.748s,PASSED
"selectOptionByValue(findTestObject(""Pilar 1/Dokumen Go Live/UAT/RBU/Staff-RBU-Dokumen-Perjanjian/Page_DokumenChecking/select_b3-l2-88_3-b8-b1-l1-172_0-b1-l4_0-173_8-K_1""), ""0"", false)",Chrome 150.0.7871.129,,,22-07-2026 13:48:06,22-07-2026 13:48:06,0.556s,PASSED
"setText(findTestObject(""Pilar 1/Dokumen Go Live/UAT/RBU/Staff-RBU-Dokumen-Perjanjian/Page_DokumenChecking/textarea_b3-l2-88_3-b8-b1-l1-172_0-b1-l4_0-173_8""), ""testing"")",Chrome 150.0.7871.129,,,22-07-2026 13:48:06,22-07-2026 13:48:07,0.778s,PASSED
"click(findTestObject(""Pilar 1/Dokumen Go Live/UAT/CBU/Staff-CBU-Submit-Task/Dokumen-Persyaratan-Kredit/Page_DokumenChecking/button_Draft""))",Chrome 150.0.7871.129,,,22-07-2026 13:48:07,22-07-2026 13:48:07,0.520s,PASSED
"click(findTestObject(""Pilar 1/Dokumen Go Live/UAT/RBU/Staff-RBU-Dokumen-Perjanjian/Page_DokumenChecking/button_Next_1""))",Chrome 150.0.7871.129,,,22-07-2026 13:48:07,22-07-2026 13:48:18,10.203s,PASSED
"click(findTestObject(""Pilar 1/Dokumen Go Live/UAT/RBU/Staff-RBU-Dokumen-Perjanjian/Page_DokumenChecking/input_Vertel_b3-b18-RadioButton2-input""))",Chrome 150.0.7871.129,,,22-07-2026 13:48:18,22-07-2026 13:48:18,0.733s,PASSED
"setText(findTestObject(""Pilar 1/Dokumen Go Live/UAT/RBU/Staff-RBU-Dokumen-Perjanjian/Page_DokumenChecking/textarea_Catatan""), ""Saya akan survey"")",Chrome 150.0.7871.129,,,22-07-2026 13:48:18,22-07-2026 13:48:19,0.596s,PASSED
"click(findTestObject(""Pilar 1/Dokumen Go Live/UAT/RBU/Staff-RBU-Dokumen-Perjanjian/Page_DokumenChecking/input_b3-b18-Checkbox2""))",Chrome 150.0.7871.129,,,22-07-2026 13:48:19,22-07-2026 13:48:19,0.000s,NOT_RUN
"click(findTestObject(""Pilar 1/Dokumen Go Live/UAT/RBU/Staff-RBU-Dokumen-Perjanjian/Page_DokumenChecking/button_Submit_popup_final""))",Chrome 150.0.7871.129,,,22-07-2026 13:48:19,22-07-2026 13:48:19,0.530s,PASSED
"click(findTestObject(""Pilar 1/Dokumen Go Live/UAT/RBU/Staff-RBU-Dokumen-Perjanjian/Page_DokumenChecking/button_Submit""))",Chrome 150.0.7871.129,,,22-07-2026 13:48:19,22-07-2026 13:48:20,0.550s,PASSED
delay(5),Chrome 150.0.7871.129,,,22-07-2026 13:48:20,22-07-2026 13:48:25,5.015s,PASSED
"selectOptionByValue(findTestObject(""Pilar 1/Dokumen Go Live/UAT/CBU/Staff-CBU-Submit-Task/Dokumen-Persyaratan-Kredit/Page_KelengkapanKredit/select_b3-b2-b1-Dropdown3""), ""2"", false)",Chrome 150.0.7871.129,,,22-07-2026 13:48:25,22-07-2026 13:48:27,2.295s,PASSED
"click(findTestObject(""Pilar 1/Dokumen Go Live/UAT/CBU/Staff-CBU-Submit-Task/Dokumen-Persyaratan-Kredit/Page_KelengkapanKredit/button_Cari""))",Chrome 150.0.7871.129,,,22-07-2026 13:48:27,22-07-2026 13:48:28,0.285s,PASSED
,,,,,,,
Test Cases/Pilar 1/Dokumen Go Live/UAT/RBU/SPV-RBU-Persetujuan-Before-Survey,Chrome 150.0.7871.129,,,22-07-2026 13:48:28,22-07-2026 13:49:24,56.478s,PASSED
"callTestCase(findTestCase(""Pilar 1/Login/UAT/SPV-RBU""), [:], STOP_ON_FAILURE)",Chrome 150.0.7871.129,,,22-07-2026 13:48:28,22-07-2026 13:49:02,34.258s,PASSED
"click(findTestObject(""Pilar 1/Dokumen Go Live/UAT/CBU/SPV-CBU-Persetujuan/Page_Dashboard/div_b2-l1-17_9-b3-SubMenuHeader""))",Chrome 150.0.7871.129,,,22-07-2026 13:49:02,22-07-2026 13:49:06,4.460s,PASSED
"click(findTestObject(""Pilar 1/Dokumen Go Live/UAT/CBU/SPV-CBU-Persetujuan/Page_Dashboard/div_b2-l1-17_9-b4-l1-35_4-b1-SubMenuHeader""))",Chrome 150.0.7871.129,,,22-07-2026 13:49:06,22-07-2026 13:49:07,0.539s,PASSED
"click(findTestObject(""Pilar 1/Dokumen Go Live/UAT/CBU/SPV-CBU-Persetujuan/Page_Dashboard/a_Dokumen Golive""))",Chrome 150.0.7871.129,,,22-07-2026 13:49:07,22-07-2026 13:49:07,0.288s,PASSED
"setText(findTestObject(""Pilar 1/Dokumen Go Live/UAT/CBU/SPV-CBU-Persetujuan/Page_ApprovalKelengkapanKredit/input_b3-b1-Input_StartDate""), ""22-07-2026"")",Chrome 150.0.7871.129,,,22-07-2026 13:49:07,22-07-2026 13:49:09,2.086s,PASSED
"setText(findTestObject(""Pilar 1/Dokumen Go Live/UAT/CBU/SPV-CBU-Persetujuan/Page_ApprovalKelengkapanKredit/input_b3-b1-Input_StartDate2""), ""22-07-2026"")",Chrome 150.0.7871.129,,,22-07-2026 13:49:09,22-07-2026 13:49:10,0.605s,PASSED
"selectOptionByValue(findTestObject(""Pilar 1/Dokumen Go Live/UAT/CBU/SPV-CBU-Persetujuan/Page_ApprovalKelengkapanKredit/select_b3-b1-Dropdown1""), ""4"", false)",Chrome 150.0.7871.129,,,22-07-2026 13:49:10,22-07-2026 13:49:10,0.521s,PASSED
"selectOptionByValue(findTestObject(""Pilar 1/Dokumen Go Live/UAT/CBU/SPV-CBU-Persetujuan/Page_ApprovalKelengkapanKredit/select_b3-b1-Dropdown3""), ""0"", false)",Chrome 150.0.7871.129,,,22-07-2026 13:49:10,22-07-2026 13:49:11,0.501s,PASSED
"click(findTestObject(""Pilar 1/Dokumen Go Live/UAT/CBU/SPV-CBU-Persetujuan/Page_ApprovalKelengkapanKredit/button_search""))",Chrome 150.0.7871.129,,,22-07-2026 13:49:11,22-07-2026 13:49:11,0.292s,PASSED
"click(findTestObject(""Pilar 1/Dokumen Go Live/UAT/CBU/SPV-CBU-Persetujuan/Page_ApprovalKelengkapanKredit/button_Persetujuan""))",Chrome 150.0.7871.129,,,22-07-2026 13:49:11,22-07-2026 13:49:12,0.751s,PASSED
"click(findTestObject(""Pilar 1/Dokumen Go Live/UAT/CBU/SPV-CBU-Persetujuan/Page_ApprovalKelengkapanKreditDetail/button_Next""))",Chrome 150.0.7871.129,,,22-07-2026 13:49:12,22-07-2026 13:49:14,2.091s,PASSED
"click(findTestObject(""Pilar 1/Dokumen Go Live/UAT/CBU/SPV-CBU-Persetujuan/Page_ApprovalKelengkapanKreditDetail/button_Next""))",Chrome 150.0.7871.129,,,22-07-2026 13:49:14,22-07-2026 13:49:15,0.859s,PASSED
"click(findTestObject(""Pilar 1/Dokumen Go Live/UAT/CBU/SPV-CBU-Persetujuan/Page_ApprovalKelengkapanKreditDetail/button_Next""))",Chrome 150.0.7871.129,,,22-07-2026 13:49:15,22-07-2026 13:49:16,0.931s,PASSED
"click(findTestObject(""Pilar 1/Dokumen Go Live/UAT/CBU/SPV-CBU-Persetujuan/Page_ApprovalKelengkapanKreditDetail/button_Next_GoToTAB_Survey""))",Chrome 150.0.7871.129,,,22-07-2026 13:49:16,22-07-2026 13:49:16,0.005s,NOT_RUN
"click(findTestObject(""Pilar 1/Dokumen Go Live/UAT/CBU/SPV-CBU-Persetujuan/Page_ApprovalKelengkapanKreditDetail/input_CheckboxSurvey""))",Chrome 150.0.7871.129,,,22-07-2026 13:49:16,22-07-2026 13:49:17,0.759s,PASSED
"selectOptionByValue(findTestObject(""Pilar 1/Dokumen Go Live/UAT/CBU/SPV-CBU-Persetujuan/Page_ApprovalKelengkapanKreditDetail/select_b3-l2-316_3-b10-Status""), ""0"", false)",Chrome 150.0.7871.129,,,22-07-2026 13:49:17,22-07-2026 13:49:17,0.758s,PASSED
"selectOptionByValue(findTestObject(""Pilar 1/Dokumen Go Live/UAT/CBU/SPV-CBU-Persetujuan/Page_ApprovalKelengkapanKreditDetail/select_b3-l2-316_3-b10-Action""), ""0"", false)",Chrome 150.0.7871.129,,,22-07-2026 13:49:17,22-07-2026 13:49:18,0.528s,PASSED
"setText(findTestObject(""Pilar 1/Dokumen Go Live/UAT/CBU/SPV-CBU-Persetujuan/Page_ApprovalKelengkapanKreditDetail/textarea_b3-l2-316_3-b10-TextArea_Catatan""), ""testing"")",Chrome 150.0.7871.129,,,22-07-2026 13:49:18,22-07-2026 13:49:19,0.610s,PASSED
"click(findTestObject(""Pilar 1/Dokumen Go Live/UAT/CBU/SPV-CBU-Persetujuan/Page_ApprovalKelengkapanKreditDetail/button_Submit""))",Chrome 150.0.7871.129,,,22-07-2026 13:49:19,22-07-2026 13:49:19,0.530s,PASSED
"selectOptionByValue(findTestObject(""Pilar 1/Dokumen Go Live/UAT/CBU/SPV-CBU-Persetujuan/Page_ApprovalKelengkapanKreditDetail/select_Status_TAB_Survey""), ""0"", false)",Chrome 150.0.7871.129,,,22-07-2026 13:49:19,22-07-2026 13:49:19,0.000s,NOT_RUN
"setText(findTestObject(""Pilar 1/Dokumen Go Live/UAT/CBU/SPV-CBU-Persetujuan/Page_ApprovalKelengkapanKreditDetail/textarea_Catatan_TAB_Survey""), ""Okay survei sudah dilakukan, saya approved dan akan tindak lanjut"")",Chrome 150.0.7871.129,,,22-07-2026 13:49:19,22-07-2026 13:49:19,0.000s,NOT_RUN
"click(findTestObject(""Pilar 1/Dokumen Go Live/UAT/CBU/SPV-CBU-Persetujuan/Page_ApprovalKelengkapanKreditDetail/button_SubmitTAB_SurveyWeb""))",Chrome 150.0.7871.129,,,22-07-2026 13:49:19,22-07-2026 13:49:19,0.005s,NOT_RUN
delay(5),Chrome 150.0.7871.129,,,22-07-2026 13:49:19,22-07-2026 13:49:24,5.017s,PASSED
"selectOptionByValue(findTestObject(""Pilar 1/Dokumen Go Live/UAT/CBU/SPV-CBU-Persetujuan/Page_ApprovalKelengkapanKredit/select_b3-b1-Dropdown3""), ""1"", false)",Chrome 150.0.7871.129,,,22-07-2026 13:49:24,22-07-2026 13:49:24,0.002s,NOT_RUN
"click(findTestObject(""Pilar 1/Dokumen Go Live/UAT/CBU/SPV-CBU-Persetujuan/Page_ApprovalKelengkapanKredit/button_search""))",Chrome 150.0.7871.129,,,22-07-2026 13:49:24,22-07-2026 13:49:24,0.000s,NOT_RUN
,,,,,,,
Test Cases/Pilar 1/Dokumen Go Live/UAT/RBU/Staff-MRBU-Survey-Submit-Task,Chrome 150.0.7871.129,,,22-07-2026 13:49:24,22-07-2026 13:51:02,1m - 38.149s,PASSED
"callTestCase(findTestCase(""Pilar 1/Login/UAT/Mobile/Staff-MRBU - Pandu""), [:], STOP_ON_FAILURE)",Chrome 150.0.7871.129,,,22-07-2026 13:49:24,22-07-2026 13:49:43,18.858s,PASSED
"waitForElementVisible(findTestObject(""Pilar 1/Dokumen Go Live/UAT/CBU/Staff-MCBU-Survey-Submit-Task/Page_Home/div_HomeStaff""), 5)",Chrome 150.0.7871.129,,,22-07-2026 13:49:43,22-07-2026 13:49:48,5.251s,PASSED
"click(findTestObject(""Pilar 1/Dokumen Go Live/UAT/CBU/Staff-MCBU-Survey-Submit-Task/Page_Home/span_Survey Kunjungan""))",Chrome 150.0.7871.129,,,22-07-2026 13:49:48,22-07-2026 13:49:51,2.226s,PASSED
"setText(findTestObject(""Pilar 1/Dokumen Go Live/UAT/CBU/Staff-MCBU-Survey-Submit-Task/Page_SurveyKunjungan/input_Input_TextSearch""), ""11102003346"")",Chrome 150.0.7871.129,,,22-07-2026 13:49:51,22-07-2026 13:49:53,2.453s,PASSED
"click(findTestObject(""Pilar 1/Dokumen Go Live/UAT/CBU/Staff-MCBU-Survey-Submit-Task/Page_SurveyKunjungan/i_icon_Search""))",Chrome 150.0.7871.129,,,22-07-2026 13:49:53,22-07-2026 13:49:53,0.316s,PASSED
"click(findTestObject(""Pilar 1/Dokumen Go Live/UAT/CBU/Staff-MCBU-Survey-Submit-Task/Page_SurveyKunjungan/div_SURVEY KUNJUNGANCBU_P1.1_07_26_007""))",Chrome 150.0.7871.129,,,22-07-2026 13:49:53,22-07-2026 13:49:56,2.279s,PASSED
"click(findTestObject(""Pilar 1/Dokumen Go Live/UAT/CBU/Staff-MCBU-Survey-Submit-Task/Page_SurveyKunjunganDetail/button_Start Survey""))",Chrome 150.0.7871.129,,,22-07-2026 13:49:56,22-07-2026 13:49:57,1.471s,PASSED
"click(findTestObject(""Pilar 1/Dokumen Go Live/UAT/CBU/Staff-MCBU-Survey-Submit-Task/Page_SurveyKunjunganDetail/button_Lanjutkan Survey""))",Chrome 150.0.7871.129,,,22-07-2026 13:49:57,22-07-2026 13:49:57,0.002s,NOT_RUN
"click(findTestObject(""Pilar 1/Dokumen Go Live/UAT/CBU/Staff-MCBU-Survey-Submit-Task/Page_SurveyAppointment/input_Checklist_Data_Confins""))",Chrome 150.0.7871.129,,,22-07-2026 13:49:57,22-07-2026 13:50:01,4.391s,PASSED
"click(findTestObject(""Pilar 1/Dokumen Go Live/UAT/CBU/Staff-MCBU-Survey-Submit-Task/Page_SurveyAppointment/button_Survey""))",Chrome 150.0.7871.129,,,22-07-2026 13:50:01,22-07-2026 13:50:02,0.502s,PASSED
"click(findTestObject(""Pilar 1/Dokumen Go Live/UAT/CBU/Staff-MCBU-Survey-Submit-Task/Page_SurveyQuestionAnswer/div_Accordion_SumberInformasi""))",Chrome 150.0.7871.129,,,22-07-2026 13:50:02,22-07-2026 13:50:04,1.860s,PASSED
"setText(findTestObject(""Pilar 1/Dokumen Go Live/UAT/CBU/Staff-MCBU-Survey-Submit-Task/Page_SurveyQuestionAnswer/input_Nama Sumber Informasi 1 __1""), ""Aurel"")",Chrome 150.0.7871.129,,,22-07-2026 13:50:04,22-07-2026 13:50:04,0.646s,PASSED
"selectOptionByValue(findTestObject(""Pilar 1/Dokumen Go Live/UAT/CBU/Staff-MCBU-Survey-Submit-Task/Page_SurveyQuestionAnswer/select_Hubungan sumber informasi 1 dengan custom""), ""0"", false)",Chrome 150.0.7871.129,,,22-07-2026 13:50:04,22-07-2026 13:50:05,0.578s,PASSED
"click(findTestObject(""Pilar 1/Dokumen Go Live/UAT/CBU/Staff-MCBU-Survey-Submit-Task/Page_SurveyQuestionAnswer/input_Ya""))",Chrome 150.0.7871.129,,,22-07-2026 13:50:05,22-07-2026 13:50:06,0.618s,PASSED
"setText(findTestObject(""Pilar 1/Dokumen Go Live/UAT/CBU/Staff-MCBU-Survey-Submit-Task/Page_SurveyQuestionAnswer/input_Nama Sumber Informasi 2 _""), ""Mira"")",Chrome 150.0.7871.129,,,22-07-2026 13:50:06,22-07-2026 13:50:06,0.700s,PASSED
"selectOptionByValue(findTestObject(""Pilar 1/Dokumen Go Live/UAT/CBU/Staff-MCBU-Survey-Submit-Task/Page_SurveyQuestionAnswer/select_Hubungan sumber informasi 2 dengan custom""), ""1"", false)",Chrome 150.0.7871.129,,,22-07-2026 13:50:06,22-07-2026 13:50:07,0.528s,PASSED
"click(findTestObject(""Pilar 1/Dokumen Go Live/UAT/CBU/Staff-MCBU-Survey-Submit-Task/Page_SurveyQuestionAnswer/input_Ya_1""))",Chrome 150.0.7871.129,,,22-07-2026 13:50:07,22-07-2026 13:50:07,0.451s,PASSED
"setText(findTestObject(""Pilar 1/Dokumen Go Live/UAT/CBU/Staff-MCBU-Survey-Submit-Task/Page_SurveyQuestionAnswer/input_Nama Sumber Informasi 3 _""), ""Tio"")",Chrome 150.0.7871.129,,,22-07-2026 13:50:07,22-07-2026 13:50:08,0.897s,PASSED
"selectOptionByValue(findTestObject(""Pilar 1/Dokumen Go Live/UAT/CBU/Staff-MCBU-Survey-Submit-Task/Page_SurveyQuestionAnswer/select_Hubungan sumber informasi 3 dengan custom""), ""9"", false)",Chrome 150.0.7871.129,,,22-07-2026 13:50:08,22-07-2026 13:50:09,0.523s,PASSED
"click(findTestObject(""Pilar 1/Dokumen Go Live/UAT/CBU/Staff-MCBU-Survey-Submit-Task/Page_SurveyQuestionAnswer/input_Ya_2""))",Chrome 150.0.7871.129,,,22-07-2026 13:50:09,22-07-2026 13:50:09,0.736s,PASSED
delay(3),Chrome 150.0.7871.129,,,22-07-2026 13:50:09,22-07-2026 13:50:12,3.013s,PASSED
"click(findTestObject(""Pilar 1/Dokumen Go Live/UAT/CBU/Staff-MCBU-Survey-Submit-Task/Page_SurveyQuestionAnswer/div_Accordion_FotoKunjungan""))",Chrome 150.0.7871.129,,,22-07-2026 13:50:12,22-07-2026 13:50:13,0.299s,PASSED
"click(findTestObject(""Pilar 1/Dokumen Go Live/UAT/CBU/Staff-MCBU-Survey-Submit-Task/Page_SurveyQuestionAnswer/div_Ambil Foto_1""))",Chrome 150.0.7871.129,,,22-07-2026 13:50:13,22-07-2026 13:50:13,0.336s,PASSED
"click(findTestObject(""Pilar 1/Dokumen Go Live/UAT/CBU/Staff-MCBU-Survey-Submit-Task/Page_SurveyQuestionAnswer/div_Kamera1""))",Chrome 150.0.7871.129,,,22-07-2026 13:50:13,22-07-2026 13:50:13,0.325s,PASSED
"switchToWindowTitle(""SurveyQuestionAnswer"")",Chrome 150.0.7871.129,,,22-07-2026 13:50:13,22-07-2026 13:50:13,0.048s,PASSED
delay(5),Chrome 150.0.7871.129,,,22-07-2026 13:50:13,22-07-2026 13:50:19,5.014s,PASSED
"click(findTestObject(""Pilar 1/Dokumen Go Live/UAT/CBU/Staff-MCBU-Survey-Submit-Task/Page_SurveyQuestionAnswer/input_Sesuai""))",Chrome 150.0.7871.129,,,22-07-2026 13:50:19,22-07-2026 13:50:20,1.184s,PASSED
"click(findTestObject(""Pilar 1/Dokumen Go Live/UAT/CBU/Staff-MCBU-Survey-Submit-Task/Page_SurveyQuestionAnswer/div_Ambil Foto_2""))",Chrome 150.0.7871.129,,,22-07-2026 13:50:20,22-07-2026 13:50:20,0.619s,PASSED
"click(findTestObject(""Pilar 1/Dokumen Go Live/UAT/CBU/Staff-MCBU-Survey-Submit-Task/Page_SurveyQuestionAnswer/div_Kamera2""))",Chrome 150.0.7871.129,,,22-07-2026 13:50:20,22-07-2026 13:50:21,0.453s,PASSED
delay(5),Chrome 150.0.7871.129,,,22-07-2026 13:50:21,22-07-2026 13:50:26,5.006s,PASSED
"click(findTestObject(""Pilar 1/Dokumen Go Live/UAT/CBU/Staff-MCBU-Survey-Submit-Task/Page_SurveyQuestionAnswer/input_Tidak Sesuai""))",Chrome 150.0.7871.129,,,22-07-2026 13:50:26,22-07-2026 13:50:26,0.335s,PASSED
"click(findTestObject(""Pilar 1/Dokumen Go Live/UAT/CBU/Staff-MCBU-Survey-Submit-Task/Page_SurveyQuestionAnswer/div_Ambil Foto_3""))",Chrome 150.0.7871.129,,,22-07-2026 13:50:26,22-07-2026 13:50:27,0.659s,PASSED
"click(findTestObject(""Pilar 1/Dokumen Go Live/UAT/CBU/Staff-MCBU-Survey-Submit-Task/Page_SurveyQuestionAnswer/div_Kamera3""))",Chrome 150.0.7871.129,,,22-07-2026 13:50:27,22-07-2026 13:50:27,0.353s,PASSED
delay(5),Chrome 150.0.7871.129,,,22-07-2026 13:50:27,22-07-2026 13:50:32,5.013s,PASSED
"click(findTestObject(""Pilar 1/Dokumen Go Live/UAT/CBU/Staff-MCBU-Survey-Submit-Task/Page_SurveyQuestionAnswer/input_Sesuai_1""))",Chrome 150.0.7871.129,,,22-07-2026 13:50:32,22-07-2026 13:50:32,0.320s,PASSED
"click(findTestObject(""Pilar 1/Dokumen Go Live/UAT/CBU/Staff-MCBU-Survey-Submit-Task/Page_SurveyQuestionAnswer/div_Ambil Foto_4""))",Chrome 150.0.7871.129,,,22-07-2026 13:50:32,22-07-2026 13:50:33,0.648s,PASSED
"click(findTestObject(""Pilar 1/Dokumen Go Live/UAT/CBU/Staff-MCBU-Survey-Submit-Task/Page_SurveyQuestionAnswer/div_Kamera4""))",Chrome 150.0.7871.129,,,22-07-2026 13:50:33,22-07-2026 13:50:33,0.330s,PASSED
delay(5),Chrome 150.0.7871.129,,,22-07-2026 13:50:33,22-07-2026 13:50:38,5.012s,PASSED
"click(findTestObject(""Pilar 1/Dokumen Go Live/UAT/CBU/Staff-MCBU-Survey-Submit-Task/Page_SurveyQuestionAnswer/input_Tidak Sesuai_1""))",Chrome 150.0.7871.129,,,22-07-2026 13:50:38,22-07-2026 13:50:39,0.327s,PASSED
"click(findTestObject(""Pilar 1/Dokumen Go Live/UAT/CBU/Staff-MCBU-Survey-Submit-Task/Page_SurveyQuestionAnswer/div_Ambil Foto_5""))",Chrome 150.0.7871.129,,,22-07-2026 13:50:39,22-07-2026 13:50:39,0.709s,PASSED
delay(5),Chrome 150.0.7871.129,,,22-07-2026 13:50:39,22-07-2026 13:50:44,5.004s,PASSED
"click(findTestObject(""Pilar 1/Dokumen Go Live/UAT/CBU/Staff-MCBU-Survey-Submit-Task/Page_SurveyQuestionAnswer/input_Sesuai_2""))",Chrome 150.0.7871.129,,,22-07-2026 13:50:44,22-07-2026 13:50:45,0.315s,PASSED
delay(3),Chrome 150.0.7871.129,,,22-07-2026 13:50:45,22-07-2026 13:50:48,3.006s,PASSED
"click(findTestObject(""Pilar 1/Dokumen Go Live/UAT/CBU/Staff-MCBU-Survey-Submit-Task/Page_SurveyQuestionAnswer/div_Accordion_HasilKunjungan""))",Chrome 150.0.7871.129,,,22-07-2026 13:50:48,22-07-2026 13:50:48,0.305s,PASSED
"click(findTestObject(""Pilar 1/Dokumen Go Live/UAT/CBU/Staff-MCBU-Survey-Submit-Task/Page_SurveyQuestionAnswer/input_Sesuai_Alamat""))",Chrome 150.0.7871.129,,,22-07-2026 13:50:48,22-07-2026 13:50:48,0.357s,PASSED
"click(findTestObject(""Pilar 1/Dokumen Go Live/UAT/CBU/Staff-MCBU-Survey-Submit-Task/Page_SurveyQuestionAnswer/input_Sesuai_Telepon""))",Chrome 150.0.7871.129,,,22-07-2026 13:50:48,22-07-2026 13:50:49,0.644s,PASSED
"selectOptionByValue(findTestObject(""Pilar 1/Dokumen Go Live/UAT/CBU/Staff-MCBU-Survey-Submit-Task/Page_SurveyQuestionAnswer/select_Jumlah Karyawan_Pekerja""), ""2"", false)",Chrome 150.0.7871.129,,,22-07-2026 13:50:49,22-07-2026 13:50:50,0.766s,PASSED
"selectOptionByValue(findTestObject(""Pilar 1/Dokumen Go Live/UAT/CBU/Staff-MCBU-Survey-Submit-Task/Page_SurveyQuestionAnswer/select_Kondisi_Aktivitas""), ""0"", false)",Chrome 150.0.7871.129,,,22-07-2026 13:50:50,22-07-2026 13:50:51,0.749s,PASSED
"selectOptionByValue(findTestObject(""Pilar 1/Dokumen Go Live/UAT/CBU/Staff-MCBU-Survey-Submit-Task/Page_SurveyQuestionAnswer/select_Kondisi Jalan""), ""0"", false)",Chrome 150.0.7871.129,,,22-07-2026 13:50:51,22-07-2026 13:50:51,0.749s,PASSED
"selectOptionByValue(findTestObject(""Pilar 1/Dokumen Go Live/UAT/CBU/Staff-MCBU-Survey-Submit-Task/Page_SurveyQuestionAnswer/select_Akses Jalan_1""), ""1"", false)",Chrome 150.0.7871.129,,,22-07-2026 13:50:51,22-07-2026 13:50:52,0.758s,PASSED
"selectOptionByValue(findTestObject(""Pilar 1/Dokumen Go Live/UAT/CBU/Staff-MCBU-Survey-Submit-Task/Page_SurveyQuestionAnswer/select_Bentuk Bangunan_1""), ""4"", false)",Chrome 150.0.7871.129,,,22-07-2026 13:50:52,22-07-2026 13:50:53,0.868s,PASSED
"setText(findTestObject(""Pilar 1/Dokumen Go Live/UAT/CBU/Staff-MCBU-Survey-Submit-Task/Page_SurveyQuestionAnswer/input_Lama Usaha_Kerja - RBU""), ""5 tahun"")",Chrome 150.0.7871.129,,,22-07-2026 13:50:53,22-07-2026 13:50:54,0.939s,PASSED
"selectOptionByValue(findTestObject(""Pilar 1/Dokumen Go Live/UAT/CBU/Staff-MCBU-Survey-Submit-Task/Page_SurveyQuestionAnswer/select_Status Kepemilikan __1""), ""1"", false)",Chrome 150.0.7871.129,,,22-07-2026 13:50:54,22-07-2026 13:50:54,0.542s,PASSED
"setText(findTestObject(""Pilar 1/Dokumen Go Live/UAT/CBU/Staff-MCBU-Survey-Submit-Task/Page_SurveyQuestionAnswer/textarea_Catatan Hasil Survey_1""), ""Tidak sesuai"")",Chrome 150.0.7871.129,,,22-07-2026 13:50:54,22-07-2026 13:50:56,1.089s,PASSED
"selectOptionByValue(findTestObject(""Pilar 1/Dokumen Go Live/UAT/CBU/Staff-MCBU-Survey-Submit-Task/Page_SurveyQuestionAnswer/select_Kategori Temuan_1""), ""1"", false)",Chrome 150.0.7871.129,,,22-07-2026 13:50:56,22-07-2026 13:50:56,0.750s,PASSED
"click(findTestObject(""Pilar 1/Dokumen Go Live/UAT/CBU/Staff-MCBU-Survey-Submit-Task/Page_SurveyQuestionAnswer/button_Draft_RBU""))",Chrome 150.0.7871.129,,,22-07-2026 13:50:56,22-07-2026 13:50:56,0.001s,NOT_RUN
"click(findTestObject(""Pilar 1/Dokumen Go Live/UAT/CBU/Staff-MCBU-Survey-Submit-Task/Page_SurveyQuestionAnswer/button_Submit_RBU""))",Chrome 150.0.7871.129,,,22-07-2026 13:50:56,22-07-2026 13:50:57,0.524s,PASSED
"click(findTestObject(""Pilar 1/Dokumen Go Live/UAT/CBU/Staff-MCBU-Survey-Submit-Task/Page_SurveyQuestionAnswer/button_Submit_PopUpRBU""))",Chrome 150.0.7871.129,,,22-07-2026 13:50:57,22-07-2026 13:50:57,0.387s,PASSED
"click(findTestObject(""Pilar 1/Dokumen Go Live/UAT/CBU/Staff-MCBU-Survey-Submit-Task/Page_SurveyKunjunganDetail/button_SubmitAfter_AllTask""))",Chrome 150.0.7871.129,,,22-07-2026 13:50:57,22-07-2026 13:51:00,2.862s,PASSED
"setText(findTestObject(""Pilar 1/Dokumen Go Live/UAT/CBU/Staff-MCBU-Survey-Submit-Task/Page_SurveyKunjungan/input_Input_TextSearch""), ""11102003346"")",Chrome 150.0.7871.129,,,22-07-2026 13:51:00,22-07-2026 13:51:02,1.862s,PASSED
"click(findTestObject(""Pilar 1/Dokumen Go Live/UAT/CBU/Staff-MCBU-Survey-Submit-Task/Page_SurveyKunjungan/i_icon_Search""))",Chrome 150.0.7871.129,,,22-07-2026 13:51:02,22-07-2026 13:51:02,0.290s,PASSED
,,,,,,,
Test Cases/Pilar 1/Dokumen Go Live/UAT/RBU/SPV-RBU-Persetujuan-After-Survey,Chrome 150.0.7871.129,,,22-07-2026 13:51:02,22-07-2026 13:52:07,1m - 4.797s,PASSED
"callTestCase(findTestCase(""Pilar 1/Login/UAT/SPV-RBU""), [:], STOP_ON_FAILURE)",Chrome 150.0.7871.129,,,22-07-2026 13:51:02,22-07-2026 13:51:36,34.122s,PASSED
"click(findTestObject(""Pilar 1/Dokumen Go Live/UAT/CBU/SPV-CBU-Persetujuan/Page_Dashboard/div_b2-l1-17_9-b3-SubMenuHeader""))",Chrome 150.0.7871.129,,,22-07-2026 13:51:36,22-07-2026 13:51:40,3.696s,PASSED
"click(findTestObject(""Pilar 1/Dokumen Go Live/UAT/CBU/SPV-CBU-Persetujuan/Page_Dashboard/div_b2-l1-17_9-b4-l1-35_4-b1-SubMenuHeader""))",Chrome 150.0.7871.129,,,22-07-2026 13:51:40,22-07-2026 13:51:41,0.572s,PASSED
"click(findTestObject(""Pilar 1/Dokumen Go Live/UAT/CBU/SPV-CBU-Persetujuan/Page_Dashboard/a_Dokumen Golive""))",Chrome 150.0.7871.129,,,22-07-2026 13:51:41,22-07-2026 13:51:41,0.287s,PASSED
"setText(findTestObject(""Pilar 1/Dokumen Go Live/UAT/CBU/SPV-CBU-Persetujuan/Page_ApprovalKelengkapanKredit/input_b3-b1-Input_StartDate""), ""22-07-2026"")",Chrome 150.0.7871.129,,,22-07-2026 13:51:41,22-07-2026 13:51:44,3.185s,PASSED
"setText(findTestObject(""Pilar 1/Dokumen Go Live/UAT/CBU/SPV-CBU-Persetujuan/Page_ApprovalKelengkapanKredit/input_b3-b1-Input_StartDate2""), ""22-07-2026"")",Chrome 150.0.7871.129,,,22-07-2026 13:51:44,22-07-2026 13:51:45,0.562s,PASSED
"selectOptionByValue(findTestObject(""Pilar 1/Dokumen Go Live/UAT/CBU/SPV-CBU-Persetujuan/Page_ApprovalKelengkapanKredit/select_b3-b1-Dropdown1""), ""4"", false)",Chrome 150.0.7871.129,,,22-07-2026 13:51:45,22-07-2026 13:51:45,0.529s,PASSED
"selectOptionByValue(findTestObject(""Pilar 1/Dokumen Go Live/UAT/CBU/SPV-CBU-Persetujuan/Page_ApprovalKelengkapanKredit/select_b3-b1-Dropdown3""), ""0"", false)",Chrome 150.0.7871.129,,,22-07-2026 13:51:45,22-07-2026 13:51:46,0.513s,PASSED
"click(findTestObject(""Pilar 1/Dokumen Go Live/UAT/CBU/SPV-CBU-Persetujuan/Page_ApprovalKelengkapanKredit/button_search""))",Chrome 150.0.7871.129,,,22-07-2026 13:51:46,22-07-2026 13:51:46,0.321s,PASSED
"click(findTestObject(""Pilar 1/Dokumen Go Live/UAT/CBU/SPV-CBU-Persetujuan/Page_ApprovalKelengkapanKredit/button_Persetujuan""))",Chrome 150.0.7871.129,,,22-07-2026 13:51:46,22-07-2026 13:51:47,0.737s,PASSED
"click(findTestObject(""Pilar 1/Dokumen Go Live/UAT/CBU/SPV-CBU-Persetujuan/Page_ApprovalKelengkapanKreditDetail/button_Next""))",Chrome 150.0.7871.129,,,22-07-2026 13:51:47,22-07-2026 13:51:54,7.493s,PASSED
"click(findTestObject(""Pilar 1/Dokumen Go Live/UAT/CBU/SPV-CBU-Persetujuan/Page_ApprovalKelengkapanKreditDetail/button_Next""))",Chrome 150.0.7871.129,,,22-07-2026 13:51:54,22-07-2026 13:51:55,0.824s,PASSED
"click(findTestObject(""Pilar 1/Dokumen Go Live/UAT/CBU/SPV-CBU-Persetujuan/Page_ApprovalKelengkapanKreditDetail/button_Next""))",Chrome 150.0.7871.129,,,22-07-2026 13:51:55,22-07-2026 13:51:56,0.956s,PASSED
"click(findTestObject(""Pilar 1/Dokumen Go Live/UAT/CBU/SPV-CBU-Persetujuan/Page_ApprovalKelengkapanKreditDetail/button_Next_GoToTAB_Survey""))",Chrome 150.0.7871.129,,,22-07-2026 13:51:56,22-07-2026 13:51:57,0.895s,PASSED
"click(findTestObject(""Pilar 1/Dokumen Go Live/UAT/CBU/SPV-CBU-Persetujuan/Page_ApprovalKelengkapanKreditDetail/input_CheckboxSurvey""))",Chrome 150.0.7871.129,,,22-07-2026 13:51:57,22-07-2026 13:51:57,0.004s,NOT_RUN
"selectOptionByValue(findTestObject(""Pilar 1/Dokumen Go Live/UAT/CBU/SPV-CBU-Persetujuan/Page_ApprovalKelengkapanKreditDetail/select_b3-l2-316_3-b10-Status""), ""0"", false)",Chrome 150.0.7871.129,,,22-07-2026 13:51:57,22-07-2026 13:51:57,0.000s,NOT_RUN
"selectOptionByValue(findTestObject(""Pilar 1/Dokumen Go Live/UAT/CBU/SPV-CBU-Persetujuan/Page_ApprovalKelengkapanKreditDetail/select_b3-l2-316_3-b10-Action""), ""0"", false)",Chrome 150.0.7871.129,,,22-07-2026 13:51:57,22-07-2026 13:51:57,0.000s,NOT_RUN
"setText(findTestObject(""Pilar 1/Dokumen Go Live/UAT/CBU/SPV-CBU-Persetujuan/Page_ApprovalKelengkapanKreditDetail/textarea_b3-l2-316_3-b10-TextArea_Catatan""), ""testing"")",Chrome 150.0.7871.129,,,22-07-2026 13:51:57,22-07-2026 13:51:57,0.000s,NOT_RUN
"click(findTestObject(""Pilar 1/Dokumen Go Live/UAT/CBU/SPV-CBU-Persetujuan/Page_ApprovalKelengkapanKreditDetail/button_Submit""))",Chrome 150.0.7871.129,,,22-07-2026 13:51:57,22-07-2026 13:51:57,0.004s,NOT_RUN
"selectOptionByValue(findTestObject(""Pilar 1/Dokumen Go Live/UAT/CBU/SPV-CBU-Persetujuan/Page_ApprovalKelengkapanKreditDetail/select_Status_TAB_Survey""), ""0"", false)",Chrome 150.0.7871.129,,,22-07-2026 13:51:57,22-07-2026 13:51:58,0.886s,PASSED
"setText(findTestObject(""Pilar 1/Dokumen Go Live/UAT/CBU/SPV-CBU-Persetujuan/Page_ApprovalKelengkapanKreditDetail/textarea_Catatan_TAB_Survey""), ""Okay survei sudah dilakukan, saya approved dan akan tindak lanjut"")",Chrome 150.0.7871.129,,,22-07-2026 13:51:58,22-07-2026 13:51:59,0.716s,PASSED
"click(findTestObject(""Pilar 1/Dokumen Go Live/UAT/CBU/SPV-CBU-Persetujuan/Page_ApprovalKelengkapanKreditDetail/button_SubmitTAB_SurveyWeb""))",Chrome 150.0.7871.129,,,22-07-2026 13:51:59,22-07-2026 13:51:59,0.580s,PASSED
delay(5),Chrome 150.0.7871.129,,,22-07-2026 13:51:59,22-07-2026 13:52:04,5.020s,PASSED
"selectOptionByValue(findTestObject(""Pilar 1/Dokumen Go Live/UAT/CBU/SPV-CBU-Persetujuan/Page_ApprovalKelengkapanKredit/select_b3-b1-Dropdown3""), ""1"", false)",Chrome 150.0.7871.129,,,22-07-2026 13:52:04,22-07-2026 13:52:07,2.510s,PASSED
"click(findTestObject(""Pilar 1/Dokumen Go Live/UAT/CBU/SPV-CBU-Persetujuan/Page_ApprovalKelengkapanKredit/button_search""))",Chrome 150.0.7871.129,,,22-07-2026 13:52:07,22-07-2026 13:52:07,0.303s,PASSED
,,,,,,,
Test Cases/Pilar 1/Dokumen Go Live/UAT/RBU/SPV-RBU-Assign-PIC,Chrome 150.0.7871.129,,,22-07-2026 13:52:07,22-07-2026 13:53:01,54.133s,PASSED
"callTestCase(findTestCase(""Pilar 1/Login/UAT/SPV-RBU""), [:], STOP_ON_FAILURE)",Chrome 150.0.7871.129,,,22-07-2026 13:52:07,22-07-2026 13:52:43,35.756s,PASSED
"click(findTestObject(""Pilar 1/Dokumen Go Live/UAT/CBU/SPV-CBU-Assign-PIC/Page_Dashboard/div_b2-l1-16_10-b3-SubMenuHeader""))",Chrome 150.0.7871.129,,,22-07-2026 13:52:43,22-07-2026 13:52:47,4.052s,PASSED
"click(findTestObject(""Pilar 1/Dokumen Go Live/UAT/CBU/SPV-CBU-Assign-PIC/Page_Dashboard/div_b2-l1-16_10-b4-l1-44_4-b1-SubMenuHeader""))",Chrome 150.0.7871.129,,,22-07-2026 13:52:47,22-07-2026 13:52:48,0.538s,PASSED
"click(findTestObject(""Pilar 1/Dokumen Go Live/UAT/CBU/SPV-CBU-Assign-PIC/Page_Dashboard/a_Dokumen Golive""))",Chrome 150.0.7871.129,,,22-07-2026 13:52:48,22-07-2026 13:52:48,0.315s,PASSED
"setText(findTestObject(""Pilar 1/Dokumen Go Live/UAT/CBU/SPV-CBU-Assign-PIC/Page_TindakLanjut/input_b3-b2-b1-Input_StartDate3""), ""22-07-2026"")",Chrome 150.0.7871.129,,,22-07-2026 13:52:48,22-07-2026 13:52:51,3.469s,PASSED
"setText(findTestObject(""Pilar 1/Dokumen Go Live/UAT/CBU/SPV-CBU-Assign-PIC/Page_TindakLanjut/input_b3-b2-b1-Input_StartDate4""), ""22-07-2026"")",Chrome 150.0.7871.129,,,22-07-2026 13:52:51,22-07-2026 13:52:52,0.583s,PASSED
"selectOptionByValue(findTestObject(""Pilar 1/Dokumen Go Live/UAT/CBU/SPV-CBU-Assign-PIC/Page_TindakLanjut/select_b3-b2-b1-Dropdown2""), ""4"", false)",Chrome 150.0.7871.129,,,22-07-2026 13:52:52,22-07-2026 13:52:52,0.538s,PASSED
"selectOptionByValue(findTestObject(""Pilar 1/Dokumen Go Live/UAT/CBU/SPV-CBU-Assign-PIC/Page_TindakLanjut/select_b3-b2-b1-Dropdown5""), ""0"", false)",Chrome 150.0.7871.129,,,22-07-2026 13:52:52,22-07-2026 13:52:53,0.526s,PASSED
"click(findTestObject(""Pilar 1/Dokumen Go Live/UAT/CBU/SPV-CBU-Assign-PIC/Page_TindakLanjut/button_Cari""))",Chrome 150.0.7871.129,,,22-07-2026 13:52:53,22-07-2026 13:52:53,0.289s,PASSED
"click(findTestObject(""Pilar 1/Dokumen Go Live/UAT/CBU/SPV-CBU-Assign-PIC/Page_TindakLanjut/button_Tindak Lanjut""))",Chrome 150.0.7871.129,,,22-07-2026 13:52:53,22-07-2026 13:52:54,0.748s,PASSED
"click(findTestObject(""Pilar 1/Dokumen Go Live/UAT/CBU/SPV-CBU-Assign-PIC/Page_TindakLanjutDetail/checkbox_1""))",Chrome 150.0.7871.129,,,22-07-2026 13:52:54,22-07-2026 13:52:57,2.899s,PASSED
"click(findTestObject(""Pilar 1/Dokumen Go Live/UAT/CBU/SPV-CBU-Assign-PIC/Page_TindakLanjutDetail/button_Kirim Tindak Lanjut""))",Chrome 150.0.7871.129,,,22-07-2026 13:52:57,22-07-2026 13:52:57,0.544s,PASSED
"setText(findTestObject(""Pilar 1/Dokumen Go Live/UAT/CBU/SPV-CBU-Assign-PIC/Page_TindakLanjutDetail/input_b3-b1-b8-b2-NamaKaryawan""), ""Fatimah AZ"")",Chrome 150.0.7871.129,,,22-07-2026 13:52:57,22-07-2026 13:52:58,0.917s,PASSED
"setText(findTestObject(""Pilar 1/Dokumen Go Live/UAT/CBU/SPV-CBU-Assign-PIC/Page_TindakLanjutDetail/input_b3-b1-b8-b2-Jabatan""), ""IT Business Partner"")",Chrome 150.0.7871.129,,,22-07-2026 13:52:58,22-07-2026 13:52:59,0.613s,PASSED
"click(findTestObject(""Pilar 1/Dokumen Go Live/UAT/CBU/SPV-CBU-Assign-PIC/Page_TindakLanjutDetail/button_Cari""))",Chrome 150.0.7871.129,,,22-07-2026 13:52:59,22-07-2026 13:52:59,0.317s,PASSED
"click(findTestObject(""Pilar 1/Dokumen Go Live/UAT/CBU/SPV-CBU-Assign-PIC/Page_TindakLanjutDetail/input_b3-b1-b8-l1_0-491_0-IsPICUtama""))",Chrome 150.0.7871.129,,,22-07-2026 13:52:59,22-07-2026 13:53:00,0.855s,PASSED
"click(findTestObject(""Pilar 1/Dokumen Go Live/UAT/CBU/SPV-CBU-Assign-PIC/Page_TindakLanjutDetail/button_Kirim Tindak Lanjut_After_Check_PICUTAMA""))",Chrome 150.0.7871.129,,,22-07-2026 13:53:00,22-07-2026 13:53:01,0.523s,PASSED
"click(findTestObject(""Pilar 1/Dokumen Go Live/UAT/CBU/SPV-CBU-Assign-PIC/Page_TindakLanjutDetail/button_Kirim Tindak Lanjut_Popup""))",Chrome 150.0.7871.129,,,22-07-2026 13:53:01,22-07-2026 13:53:01,0.543s,PASSED
,,,,,,,
Test Cases/Pilar 1/Dokumen Go Live/UAT/RBU/PIC-RBU-Submit-Tindak-Lanjut,Chrome 150.0.7871.129,,,22-07-2026 13:53:01,22-07-2026 13:53:58,56.861s,PASSED
"DATA BINDING - {""(Default) Lorem"":""C:\\Users\\PPU\\Downloads\\Tester File\\Lorem1_PDF.pdf""}",,,,,,,
"callTestCase(findTestCase(""Pilar 1/Login/UAT/PIC-Fatimah""), [:], STOP_ON_FAILURE)",Chrome 150.0.7871.129,,,22-07-2026 13:53:01,22-07-2026 13:53:35,33.326s,PASSED
"click(findTestObject(""Pilar 1/Dokumen Go Live/UAT/CBU/PIC-CBU-Submit-Task/Page_Dashboard/div_b2-l1-16_1-b3-SubMenuHeader""))",Chrome 150.0.7871.129,,,22-07-2026 13:53:35,22-07-2026 13:53:38,2.952s,PASSED
"click(findTestObject(""Pilar 1/Dokumen Go Live/UAT/CBU/PIC-CBU-Submit-Task/Page_Dashboard/div_b2-l1-16_1-b4-l1-22_4-b1-SubMenuHeader""))",Chrome 150.0.7871.129,,,22-07-2026 13:53:38,22-07-2026 13:53:38,0.542s,PASSED
"click(findTestObject(""Pilar 1/Dokumen Go Live/UAT/CBU/PIC-CBU-Submit-Task/Page_Dashboard/a_Dokumen Golive""))",Chrome 150.0.7871.129,,,22-07-2026 13:53:38,22-07-2026 13:53:38,0.307s,PASSED
"selectOptionByValue(findTestObject(""Pilar 1/Dokumen Go Live/UAT/CBU/PIC-CBU-Submit-Task/Page_TindakLanjut/select_b3-b1-b1-BisnisUnit""), ""1"", false)",Chrome 150.0.7871.129,,,22-07-2026 13:53:38,22-07-2026 13:53:41,2.722s,PASSED
"selectOptionByValue(findTestObject(""Pilar 1/Dokumen Go Live/UAT/CBU/PIC-CBU-Submit-Task/Page_TindakLanjut/select_b3-b1-b1-Dropdown1""), ""4"", false)",Chrome 150.0.7871.129,,,22-07-2026 13:53:41,22-07-2026 13:53:42,1.105s,PASSED
"selectOptionByValue(findTestObject(""Pilar 1/Dokumen Go Live/UAT/CBU/PIC-CBU-Submit-Task/Page_TindakLanjut/select_b3-b1-b1-Dropdown3""), ""0"", false)",Chrome 150.0.7871.129,,,22-07-2026 13:53:42,22-07-2026 13:53:43,0.528s,PASSED
"click(findTestObject(""Pilar 1/Dokumen Go Live/UAT/CBU/PIC-CBU-Submit-Task/Page_TindakLanjut/button_Cari""))",Chrome 150.0.7871.129,,,22-07-2026 13:53:43,22-07-2026 13:53:43,0.320s,PASSED
"click(findTestObject(""Pilar 1/Dokumen Go Live/UAT/CBU/PIC-CBU-Submit-Task/Page_TindakLanjut/button_Tindak Lanjut""))",Chrome 150.0.7871.129,,,22-07-2026 13:53:43,22-07-2026 13:53:44,0.863s,PASSED
"setText(findTestObject(""Pilar 1/Dokumen Go Live/UAT/CBU/PIC-CBU-Submit-Task/Page_TindakLanjutDetail/input_b3-b2-l3-187_0-l3-188_0-b5-l5_0-189_0-Input""), ""31-07-2026"")",Chrome 150.0.7871.129,,,22-07-2026 13:53:44,22-07-2026 13:53:47,3.497s,PASSED
"setText(findTestObject(""Pilar 1/Dokumen Go Live/UAT/CBU/PIC-CBU-Submit-Task/Page_TindakLanjutDetail/textarea_b3-b2-l3-187_0-l3-188_0-b5-l5_0-189_0-T""), ""testing"")",Chrome 150.0.7871.129,,,22-07-2026 13:53:47,22-07-2026 13:53:48,0.609s,PASSED
"click(findTestObject(""Pilar 1/Dokumen Go Live/UAT/CBU/PIC-CBU-Submit-Task/Page_TindakLanjutDetail/button_Unggah""))",Chrome 150.0.7871.129,,,22-07-2026 13:53:48,22-07-2026 13:53:49,0.521s,PASSED
delay(7),Chrome 150.0.7871.129,,,22-07-2026 13:53:49,22-07-2026 13:53:56,7.006s,PASSED
"uploadFile(findTestObject(""Pilar 1/Dokumen Go Live/UAT/CBU/PIC-CBU-Submit-Task/Page_TindakLanjutDetail/div_b3-b2-l3-187_0-l3-188_0-b5-b3-dropzone""), Lorem)",Chrome 150.0.7871.129,,,22-07-2026 13:53:56,22-07-2026 13:53:56,0.000s,NOT_RUN
"click(findTestObject(""Pilar 1/Dokumen Go Live/UAT/CBU/PIC-CBU-Submit-Task/Page_TindakLanjutDetail/button_Upload""))",Chrome 150.0.7871.129,,,22-07-2026 13:53:56,22-07-2026 13:53:56,0.000s,NOT_RUN
"click(findTestObject(""Pilar 1/Dokumen Go Live/UAT/CBU/PIC-CBU-Submit-Task/Page_TindakLanjutDetail/button_Submit""))",Chrome 150.0.7871.129,,,22-07-2026 13:53:56,22-07-2026 13:53:56,0.306s,PASSED
"selectOptionByValue(findTestObject(""Pilar 1/Dokumen Go Live/UAT/CBU/PIC-CBU-Submit-Task/Page_TindakLanjut/select_b3-b1-b1-Dropdown3""), ""2"", false)",Chrome 150.0.7871.129,,,22-07-2026 13:53:56,22-07-2026 13:53:58,1.888s,PASSED
"click(findTestObject(""Pilar 1/Dokumen Go Live/UAT/CBU/PIC-CBU-Submit-Task/Page_TindakLanjut/button_Cari""))",Chrome 150.0.7871.129,,,22-07-2026 13:53:58,22-07-2026 13:53:58,0.277s,PASSED
,,,,,,,
Test Cases/Pilar 1/Dokumen Go Live/UAT/RBU/SPV-RBU-Submit-Tindak-Lanjut,Chrome 150.0.7871.129,,,22-07-2026 13:53:58,22-07-2026 13:54:57,59.146s,PASSED
"callTestCase(findTestCase(""Pilar 1/Login/UAT/SPV-RBU""), [:], STOP_ON_FAILURE)",Chrome 150.0.7871.129,,,22-07-2026 13:53:58,22-07-2026 13:54:33,35.092s,PASSED
"click(findTestObject(""Pilar 1/Dokumen Go Live/UAT/CBU/SPV-CBU-Assign-PIC/Page_Dashboard/div_b2-l1-16_10-b3-SubMenuHeader""))",Chrome 150.0.7871.129,,,22-07-2026 13:54:33,22-07-2026 13:54:37,4.100s,PASSED
"click(findTestObject(""Pilar 1/Dokumen Go Live/UAT/CBU/SPV-CBU-Assign-PIC/Page_Dashboard/div_b2-l1-16_10-b4-l1-44_4-b1-SubMenuHeader""))",Chrome 150.0.7871.129,,,22-07-2026 13:54:37,22-07-2026 13:54:38,0.528s,PASSED
"click(findTestObject(""Pilar 1/Dokumen Go Live/UAT/CBU/SPV-CBU-Assign-PIC/Page_Dashboard/a_Dokumen Golive""))",Chrome 150.0.7871.129,,,22-07-2026 13:54:38,22-07-2026 13:54:38,0.296s,PASSED
"setText(findTestObject(""Pilar 1/Dokumen Go Live/UAT/CBU/SPV-CBU-Assign-PIC/Page_TindakLanjut/input_b3-b2-b1-Input_StartDate3""), ""22-07-2026"")",Chrome 150.0.7871.129,,,22-07-2026 13:54:38,22-07-2026 13:54:41,3.046s,PASSED
"setText(findTestObject(""Pilar 1/Dokumen Go Live/UAT/CBU/SPV-CBU-Assign-PIC/Page_TindakLanjut/input_b3-b2-b1-Input_StartDate4""), ""22-07-2026"")",Chrome 150.0.7871.129,,,22-07-2026 13:54:41,22-07-2026 13:54:42,0.554s,PASSED
"selectOptionByValue(findTestObject(""Pilar 1/Dokumen Go Live/UAT/CBU/SPV-CBU-Assign-PIC/Page_TindakLanjut/select_b3-b2-b1-Dropdown2""), ""4"", false)",Chrome 150.0.7871.129,,,22-07-2026 13:54:42,22-07-2026 13:54:42,0.518s,PASSED
"selectOptionByValue(findTestObject(""Pilar 1/Dokumen Go Live/UAT/CBU/SPV-CBU-Assign-PIC/Page_TindakLanjut/select_b3-b2-b1-Dropdown5""), ""2"", false)",Chrome 150.0.7871.129,,,22-07-2026 13:54:42,22-07-2026 13:54:43,0.496s,PASSED
"click(findTestObject(""Pilar 1/Dokumen Go Live/UAT/CBU/SPV-CBU-Assign-PIC/Page_TindakLanjut/button_Cari""))",Chrome 150.0.7871.129,,,22-07-2026 13:54:43,22-07-2026 13:54:43,0.308s,PASSED
"click(findTestObject(""Pilar 1/Dokumen Go Live/UAT/CBU/SPV-CBU-Assign-PIC/Page_TindakLanjut/button_Tindak Lanjut""))",Chrome 150.0.7871.129,,,22-07-2026 13:54:43,22-07-2026 13:54:44,0.890s,PASSED
"click(findTestObject(""Pilar 1/Dokumen Go Live/UAT/CBU/SPV-CBU-Submit-Tindak-Lanjut/Page_TindakLanjutDetail/button_Tindak Lanjut""))",Chrome 150.0.7871.129,,,22-07-2026 13:54:44,22-07-2026 13:54:47,2.878s,PASSED
"click(findTestObject(""Pilar 1/Dokumen Go Live/UAT/CBU/SPV-CBU-Submit-Tindak-Lanjut/Page_TindakLanjutDocumentDetail/button_Lihat Dokumen""))",Chrome 150.0.7871.129,,,22-07-2026 13:54:47,22-07-2026 13:54:49,2.309s,PASSED
"selectOptionByValue(findTestObject(""Pilar 1/Dokumen Go Live/UAT/CBU/SPV-CBU-Submit-Tindak-Lanjut/Page_TindakLanjutDocumentDetail/select_b3-l1-787_0-b2-TindakLanjutStatus""), ""0"", false)",Chrome 150.0.7871.129,,,22-07-2026 13:54:49,22-07-2026 13:54:50,1.066s,PASSED
"setText(findTestObject(""Pilar 1/Dokumen Go Live/UAT/CBU/SPV-CBU-Submit-Tindak-Lanjut/Page_TindakLanjutDocumentDetail/textarea_b3-l1-787_0-b2-TextArea_HasilCatatan""), ""testing"")",Chrome 150.0.7871.129,,,22-07-2026 13:54:50,22-07-2026 13:54:51,0.583s,PASSED
"click(findTestObject(""Pilar 1/Dokumen Go Live/UAT/CBU/SPV-CBU-Submit-Tindak-Lanjut/Page_TindakLanjutDocumentDetail/button_Submit""))",Chrome 150.0.7871.129,,,22-07-2026 13:54:51,22-07-2026 13:54:51,0.528s,PASSED
"click(findTestObject(""Pilar 1/Dokumen Go Live/UAT/CBU/SPV-CBU-Submit-Tindak-Lanjut/Page_TindakLanjutDetail/button_Tindak Lanjut""))",Chrome 150.0.7871.129,,,22-07-2026 13:54:51,22-07-2026 13:54:57,5.884s,PASSED
